Specific Ventilation (mL/mL),x (mm),y (mm),z (mm)
0.0705662,0,-64,-108.25
0.0871992,8,-64,-108.25
0.0524919,-8,-56,-108.25
0.0806398,0,-56,-108.25
0.0860862,8,-56,-108.25
0.0530953,-16,-48,-108.25
0.0736319,-8,-48,-108.25
0.0834699,0,-48,-108.25
0.0966257,8,-48,-108.25
0.0632149,-8,-40,-108.25
0.0667625,-8,-72,-100.25
0.092683,0,-72,-100.25
0.0905839,8,-72,-100.25
0.0203002,-16,-64,-100.25
0.0760935,-8,-64,-100.25
0.100374,0,-64,-100.25
0.0976544,8,-64,-100.25
0.070575,16,-64,-100.25
-0.0230157,-24,-56,-100.25
0.0555845,-16,-56,-100.25
0.0932667,-8,-56,-100.25
0.108538,0,-56,-100.25
0.0990677,8,-56,-100.25
0.0757903,16,-56,-100.25
0.0128367,-24,-48,-100.25
0.0798716,-16,-48,-100.25
0.107536,-8,-48,-100.25
0.113913,0,-48,-100.25
0.103276,8,-48,-100.25
0.0861402,16,-48,-100.25
0.0606516,-24,-40,-100.25
0.097992,-16,-40,-100.25
0.112545,-8,-40,-100.25
0.121846,0,-40,-100.25
0.109242,8,-40,-100.25
0.102586,16,-40,-100.25
0.0434429,-24,-32,-100.25
0.084502,-16,-32,-100.25
0.125165,-8,-32,-100.25
0.14433,0,-32,-100.25
0.138586,8,-32,-100.25
0.142306,16,-32,-100.25
0.0430523,-24,-24,-100.25
0.0605426,-16,-24,-100.25
0.119294,-8,-24,-100.25
0.191105,16,-24,-100.25
0.0195748,-32,-16,-100.25
0.0373381,-24,-16,-100.25
0.0358445,-16,-16,-100.25
-0.000180315,-32,-8,-100.25
0.0414146,-24,-8,-100.25
0.0577394,-16,-8,-100.25
0.0183882,-32,0,-100.25
0.0857305,-24,0,-100.25
0.108946,-16,0,-100.25
0.142683,-24,8,-100.25
0.125754,0,-88,-92.25
0.029078,-16,-80,-92.25
0.09325,-8,-80,-92.25
0.106266,0,-80,-92.25
0.0810093,8,-80,-92.25
-0.0806362,-24,-72,-92.25
0.0338422,-16,-72,-92.25
0.0874685,-8,-72,-92.25
0.0984894,0,-72,-92.25
0.0795187,8,-72,-92.25
0.0200307,16,-72,-92.25
-0.0438947,-24,-64,-92.25
0.042933,-16,-64,-92.25
0.0913265,-8,-64,-92.25
0.0998901,0,-64,-92.25
0.0854319,8,-64,-92.25
0.0508774,16,-64,-92.25
-0.00441683,-24,-56,-92.25
0.0652592,-16,-56,-92.25
0.100992,-8,-56,-92.25
0.10673,0,-56,-92.25
0.0922612,8,-56,-92.25
0.0665191,16,-56,-92.25
0.0298515,-24,-48,-92.25
0.0906129,-16,-48,-92.25
0.11705,-8,-48,-92.25
0.116525,0,-48,-92.25
0.096557,8,-48,-92.25
0.0619257,16,-48,-92.25
-0.0471723,-32,-40,-92.25
0.0594688,-24,-40,-92.25
0.109183,-16,-40,-92.25
0.123366,-8,-40,-92.25
0.124582,0,-40,-92.25
0.112359,8,-40,-92.25
0.0762089,16,-40,-92.25
-0.0349305,-32,-32,-92.25
0.0628856,-24,-32,-92.25
0.11178,-16,-32,-92.25
0.133278,-8,-32,-92.25
0.142495,0,-32,-92.25
0.135113,8,-32,-92.25
0.106846,16,-32,-92.25
0.0172869,-32,-24,-92.25
0.0770612,-24,-24,-92.25
0.0947886,-16,-24,-92.25
0.132091,-8,-24,-92.25
0.16564,8,-24,-92.25
0.126225,16,-24,-92.25
0.0196071,-32,-16,-92.25
0.0744796,-24,-16,-92.25
0.0732741,-16,-16,-92.25
0.0558681,-32,-8,-92.25
0.0827031,-24,-8,-92.25
0.0672385,-16,-8,-92.25
0.0864849,-32,0,-92.25
0.082408,-24,0,-92.25
0.0645215,-16,0,-92.25
0.0672156,-8,0,-92.25
0.149484,-32,8,-92.25
0.120051,-24,8,-92.25
0.0870141,-16,8,-92.25
0.123754,-8,8,-92.25
0.0,32,8,-92.25
0.150427,-32,16,-92.25
0.129129,-24,16,-92.25
0.0994108,-16,16,-92.25
0.171191,-8,16,-92.25
0.0,32,16,-92.25
0.221319,-32,24,-92.25
0.173252,-24,24,-92.25
0.15193,-16,24,-92.25
0.179762,-8,24,-92.25
0.0,32,24,-92.25
0.080708,0,-96,-84.25
0.0610426,-16,-88,-84.25
0.0943613,-8,-88,-84.25
0.0799321,0,-88,-84.25
0.0272209,8,-88,-84.25
-0.0485609,-24,-80,-84.25
0.0483216,-16,-80,-84.25
0.0878888,-8,-80,-84.25
0.0816776,0,-80,-84.25
0.0466174,8,-80,-84.25
-0.0349058,16,-80,-84.25
-0.0362055,-24,-72,-84.25
0.0457357,-16,-72,-84.25
0.0873398,-8,-72,-84.25
0.0859123,0,-72,-84.25
0.062614,8,-72,-84.25
0.00691365,16,-72,-84.25
-0.195268,-32,-64,-84.25
-0.0278694,-24,-64,-84.25
0.0518088,-16,-64,-84.25
0.0922211,-8,-64,-84.25
0.0951006,0,-64,-84.25
0.0800463,8,-64,-84.25
0.0510145,16,-64,-84.25
-0.152185,-32,-56,-84.25
-0.00356681,-24,-56,-84.25
0.0674692,-16,-56,-84.25
0.100416,-8,-56,-84.25
0.101554,0,-56,-84.25
0.0885397,8,-56,-84.25
0.0684051,16,-56,-84.25
-0.102212,-32,-48,-84.25
0.0313785,-24,-48,-84.25
0.0960146,-16,-48,-84.25
0.122717,-8,-48,-84.25
0.120509,0,-48,-84.25
0.102677,8,-48,-84.25
0.0804588,16,-48,-84.25
0.0478727,24,-48,-84.25
-0.0554114,-32,-40,-84.25
0.0591916,-24,-40,-84.25
0.118148,-16,-40,-84.25
0.132892,-8,-40,-84.25
0.129346,0,-40,-84.25
0.1213,8,-40,-84.25
0.0961871,16,-40,-84.25
-0.0342244,-32,-32,-84.25
0.0710994,-24,-32,-84.25
0.12427,-16,-32,-84.25
0.133879,-8,-32,-84.25
0.141173,0,-32,-84.25
0.139434,8,-32,-84.25
0.111741,16,-32,-84.25
0.00463976,-32,-24,-84.25
0.0842706,-24,-24,-84.25
0.112064,-16,-24,-84.25
0.126377,-8,-24,-84.25
0.134861,8,-24,-84.25
0.0947574,16,-24,-84.25
0.0207832,-32,-16,-84.25
0.0791017,-24,-16,-84.25
0.0884536,-16,-16,-84.25
0.0458627,-32,-8,-84.25
0.0816792,-24,-8,-84.25
0.0723113,-16,-8,-84.25
0.0794961,-32,0,-84.25
0.0779348,-24,0,-84.25
0.0553833,-16,0,-84.25
0.00588519,-8,0,-84.25
0.0,32,0,-84.25
0.121976,-32,8,-84.25
0.0966187,-24,8,-84.25
0.0600626,-16,8,-84.25
0.0498249,-8,8,-84.25
0.0414864,32,8,-84.25
0.140664,-32,16,-84.25
0.113072,-24,16,-84.25
0.07773,-16,16,-84.25
0.0958154,-8,16,-84.25
0.0445702,32,16,-84.25
0.180268,-32,24,-84.25
0.140219,-24,24,-84.25
0.103759,-16,24,-84.25
0.110631,-8,24,-84.25
0.0760449,24,24,-84.25
0.074217,32,24,-84.25
0.198275,-32,32,-84.25
0.169587,-24,32,-84.25
0.0883746,24,32,-84.25
0.0922195,32,32,-84.25
0.104194,-8,-96,-76.25
0.070329,0,-96,-76.25
-0.0077933,8,-96,-76.25
0.00731809,-24,-88,-76.25
0.0631151,-16,-88,-76.25
0.0919883,-8,-88,-76.25
0.0785536,0,-88,-76.25
0.0307255,8,-88,-76.25
-0.173459,-32,-80,-76.25
-0.0130555,-24,-80,-76.25
0.0546691,-16,-80,-76.25
0.0843432,-8,-80,-76.25
0.0776853,0,-80,-76.25
0.0457485,8,-80,-76.25
-0.0304305,16,-80,-76.25
-0.16512,-32,-72,-76.25
-0.0152437,-24,-72,-76.25
0.0530364,-16,-72,-76.25
0.0832625,-8,-72,-76.25
0.0793021,0,-72,-76.25
0.0584004,8,-72,-76.25
0.00824711,16,-72,-76.25
-0.162053,-32,-64,-76.25
-0.0115597,-24,-64,-76.25
0.0590585,-16,-64,-76.25
0.0859827,-8,-64,-76.25
0.0837351,0,-64,-76.25
0.0712587,8,-64,-76.25
0.0467891,16,-64,-76.25
-0.121419,-32,-56,-76.25
0.01162,-24,-56,-76.25
0.0751216,-16,-56,-76.25
0.0963931,-8,-56,-76.25
0.0884808,0,-56,-76.25
0.0799332,8,-56,-76.25
0.0680043,16,-56,-76.25
0.0756328,24,-56,-76.25
-0.296009,-40,-48,-76.25
-0.0751556,-32,-48,-76.25
0.0404907,-24,-48,-76.25
0.0993002,-16,-48,-76.25
0.119728,-8,-48,-76.25
0.108573,0,-48,-76.25
0.0966273,8,-48,-76.25
0.0773855,16,-48,-76.25
0.0534127,24,-48,-76.25
-0.229558,-40,-40,-76.25
-0.0376192,-32,-40,-76.25
0.0653828,-24,-40,-76.25
0.116833,-16,-40,-76.25
0.126376,-8,-40,-76.25
0.113822,0,-40,-76.25
0.112857,8,-40,-76.25
0.0914865,16,-40,-76.25
0.0650404,24,-40,-76.25
-0.140849,-40,-32,-76.25
0.000766739,-32,-32,-76.25
0.0817399,-24,-32,-76.25
0.125791,-16,-32,-76.25
0.123352,-8,-32,-76.25
0.12677,0,-32,-76.25
0.134873,8,-32,-76.25
0.109859,16,-32,-76.25
-0.0482362,-40,-24,-76.25
0.0449858,-32,-24,-76.25
0.0976918,-24,-24,-76.25
0.121742,-16,-24,-76.25
0.136326,0,-24,-76.25
0.14942,8,-24,-76.25
0.117494,16,-24,-76.25
0.00176819,-40,-16,-76.25
0.0700258,-32,-16,-76.25
0.0964704,-24,-16,-76.25
0.0508157,-40,-8,-76.25
0.0836658,-32,-8,-76.25
0.09336,-24,-8,-76.25
0.0834582,-16,-8,-76.25
0.0806406,-40,0,-76.25
0.100461,-32,0,-76.25
0.0844145,-24,0,-76.25
0.0544232,-16,0,-76.25
0.1033,-40,8,-76.25
0.106491,-32,8,-76.25
0.0885944,-24,8,-76.25
0.056854,-16,8,-76.25
0.0236099,-8,8,-76.25
0.0889317,32,8,-76.25
0.118245,-40,16,-76.25
0.117039,-32,16,-76.25
0.0986217,-24,16,-76.25
0.0699885,-16,16,-76.25
0.0827104,-8,16,-76.25
0.0879245,32,16,-76.25
0.157259,-40,24,-76.25
0.141763,-32,24,-76.25
0.116336,-24,24,-76.25
0.09355,-16,24,-76.25
0.103397,-8,24,-76.25
0.0928911,16,24,-76.25
0.106104,24,24,-76.25
0.114745,32,24,-76.25
0.217591,-40,32,-76.25
0.161248,-32,32,-76.25
0.132112,-24,32,-76.25
0.0856015,16,32,-76.25
0.110755,24,32,-76.25
0.132106,32,32,-76.25
0.118373,-32,40,-76.25
0.0789559,24,40,-76.25
0.0508469,0,-104,-68.25
0.0819502,-16,-96,-68.25
0.0932739,-8,-96,-68.25
0.0665843,0,-96,-68.25
-0.00159349,8,-96,-68.25
-0.0491722,-32,-88,-68.25
0.0368709,-24,-88,-68.25
0.0718319,-16,-88,-68.25
0.0884797,-8,-88,-68.25
0.0694653,0,-88,-68.25
0.0270348,8,-88,-68.25
-0.0906034,16,-88,-68.25
-0.0830977,-32,-80,-68.25
0.016621,-24,-80,-68.25
0.0585313,-16,-80,-68.25
0.0768164,-8,-80,-68.25
0.0632099,0,-80,-68.25
0.0327908,8,-80,-68.25
-0.0424483,16,-80,-68.25
-0.0953676,-32,-72,-68.25
0.00715302,-24,-72,-68.25
0.049912,-16,-72,-68.25
0.0657036,-8,-72,-68.25
0.0547444,0,-72,-68.25
0.0343677,8,-72,-68.25
-0.014366,16,-72,-68.25
-0.0979531,-32,-64,-68.25
0.00534391,-24,-64,-68.25
0.0474998,-16,-64,-68.25
0.0599977,-8,-64,-68.25
0.0530617,0,-64,-68.25
0.043895,8,-64,-68.25
0.0231349,16,-64,-68.25
0.0189402,24,-64,-68.25
-0.220437,-40,-56,-68.25
-0.0806795,-32,-56,-68.25
0.0218662,-24,-56,-68.25
0.0738266,-16,-56,-68.25
0.0805571,-8,-56,-68.25
0.0661524,0,-56,-68.25
0.0606174,8,-56,-68.25
0.0491604,16,-56,-68.25
0.0542178,24,-56,-68.25
-0.232394,-40,-48,-68.25
-0.050395,-32,-48,-68.25
0.0490488,-24,-48,-68.25
0.105742,-16,-48,-68.25
0.111692,-8,-48,-68.25
0.0870535,0,-48,-68.25
0.078845,8,-48,-68.25
0.0600524,16,-48,-68.25
0.0433312,24,-48,-68.25
-0.165827,-40,-40,-68.25
-0.0105979,-32,-40,-68.25
0.0770623,-24,-40,-68.25
0.130957,-16,-40,-68.25
0.116737,-8,-40,-68.25
0.0909512,0,-40,-68.25
0.094764,8,-40,-68.25
0.0799621,16,-40,-68.25
0.0527968,24,-40,-68.25
-0.0924079,-40,-32,-68.25
0.0350511,-32,-32,-68.25
0.10165,-24,-32,-68.25
0.157782,-16,-32,-68.25
0.107419,-8,-32,-68.25
0.100057,0,-32,-68.25
0.117919,8,-32,-68.25
0.0964368,16,-32,-68.25
-0.00840838,-40,-24,-68.25
0.0847196,-32,-24,-68.25
0.128945,-24,-24,-68.25
0.164931,-16,-24,-68.25
0.0440503,-40,-16,-68.25
0.113653,-32,-16,-68.25
0.127747,-24,-16,-68.25
0.079633,-40,-8,-68.25
0.124991,-32,-8,-68.25
0.130909,-24,-8,-68.25
0.0,40,-8,-68.25
0.10179,-40,0,-68.25
0.117138,-32,0,-68.25
0.104817,-24,0,-68.25
0.0985487,40,0,-68.25
0.107496,-40,8,-68.25
0.109838,-32,8,-68.25
0.106605,-24,8,-68.25
0.161262,32,8,-68.25
0.118282,-40,16,-68.25
0.115994,-32,16,-68.25
0.117499,-24,16,-68.25
0.105493,-16,16,-68.25
0.148541,24,16,-68.25
0.14752,32,16,-68.25
0.149048,-40,24,-68.25
0.131343,-32,24,-68.25
0.125569,-24,24,-68.25
0.12018,-16,24,-68.25
0.142095,-8,24,-68.25
0.101123,16,24,-68.25
0.125411,24,24,-68.25
0.139024,32,24,-68.25
0.168457,-40,32,-68.25
0.147062,-32,32,-68.25
0.135704,-24,32,-68.25
0.153631,-16,32,-68.25
0.101492,16,32,-68.25
0.138033,24,32,-68.25
0.166246,32,32,-68.25
0.184043,-40,40,-68.25
0.155561,-32,40,-68.25
0.107724,16,40,-68.25
0.146542,24,40,-68.25
0.18536,32,40,-68.25
0.171278,-32,48,-68.25
0.167148,24,48,-68.25
0.0674867,-8,-104,-60.25
0.0350317,0,-104,-60.25
0.032972,-24,-96,-60.25
0.0640369,-16,-96,-60.25
0.0739875,-8,-96,-60.25
0.0539304,0,-96,-60.25
0.00211009,8,-96,-60.25
-0.0440056,-32,-88,-60.25
0.0259689,-24,-88,-60.25
0.0536161,-16,-88,-60.25
0.0659751,-8,-88,-60.25
0.0512313,0,-88,-60.25
0.0220238,8,-88,-60.25
-0.0592627,-32,-80,-60.25
0.0153917,-24,-80,-60.25
0.0437456,-16,-80,-60.25
0.0537253,-8,-80,-60.25
0.0414384,0,-80,-60.25
0.0231358,8,-80,-60.25
-0.0383919,16,-80,-60.25
-0.0772782,-32,-72,-60.25
0.00157213,-24,-72,-60.25
0.030123,-16,-72,-60.25
0.0293864,-8,-72,-60.25
0.0180831,0,-72,-60.25
0.0122525,8,-72,-60.25
-0.0220299,16,-72,-60.25
-0.208241,-40,-64,-60.25
-0.0746235,-32,-64,-60.25
-0.00301929,-24,-64,-60.25
0.0250436,-16,-64,-60.25
0.00541103,-8,-64,-60.25
-0.183685,-40,-56,-60.25
-0.0521667,-32,-56,-60.25
0.0117298,-24,-56,-60.25
0.0651711,-16,-56,-60.25
-0.119562,-40,-48,-60.25
-0.00163217,-32,-48,-60.25
0.0510222,-24,-48,-60.25
-0.0443009,-40,-40,-60.25
0.0474455,-32,-40,-60.25
0.0884354,-24,-40,-60.25
0.163143,-16,-40,-60.25
0.0866346,-8,-40,-60.25
0.00492895,16,-40,-60.25
0.0199912,-40,-32,-60.25
0.0886086,-32,-32,-60.25
0.125866,-24,-32,-60.25
0.217203,-16,-32,-60.25
0.0931349,-8,-32,-60.25
0.096931,-48,-24,-60.25
0.0805359,-40,-24,-60.25
0.135623,-32,-24,-60.25
0.165449,-24,-24,-60.25
0.142159,-48,-16,-60.25
0.124772,-40,-16,-60.25
0.158175,-32,-16,-60.25
0.172104,-48,-8,-60.25
0.147118,-40,-8,-60.25
0.160105,-32,-8,-60.25
0.0,40,-8,-60.25
0.182365,-48,0,-60.25
0.151267,-40,0,-60.25
0.139927,-32,0,-60.25
0.13938,40,0,-60.25
0.160097,-48,8,-60.25
0.143709,-40,8,-60.25
0.13089,-32,8,-60.25
0.128866,-24,8,-60.25
0.188394,32,8,-60.25
0.143548,40,8,-60.25
0.148952,-40,16,-60.25
0.142646,-32,16,-60.25
0.146716,-24,16,-60.25
0.188778,24,16,-60.25
0.160567,32,16,-60.25
0.100835,40,16,-60.25
0.16605,-40,24,-60.25
0.155963,-32,24,-60.25
0.15151,-24,24,-60.25
0.161892,-16,24,-60.25
0.19924,-8,24,-60.25
0.157555,24,24,-60.25
0.142183,32,24,-60.25
0.174156,-40,32,-60.25
0.165744,-32,32,-60.25
0.155571,-24,32,-60.25
0.182464,-16,32,-60.25
0.151262,24,32,-60.25
0.146808,32,32,-60.25
0.180475,-40,40,-60.25
0.171897,-32,40,-60.25
0.150318,-24,40,-60.25
0.132616,16,40,-60.25
0.147158,24,40,-60.25
0.127122,32,40,-60.25
0.174267,-40,48,-60.25
0.171116,-32,48,-60.25
0.141013,16,48,-60.25
0.15588,24,48,-60.25
0.140765,32,48,-60.25
0.142656,-32,56,-60.25
0.160995,24,56,-60.25
0.0515527,-16,-104,-52.25
0.0546327,-8,-104,-52.25
0.0332321,0,-104,-52.25
0.0259829,-24,-96,-52.25
0.0461171,-16,-96,-52.25
0.0521693,-8,-96,-52.25
0.0420165,0,-96,-52.25
0.0103373,8,-96,-52.25
-0.0109236,-32,-88,-52.25
0.0209868,-24,-88,-52.25
0.0362779,-16,-88,-52.25
0.0389854,-8,-88,-52.25
0.0327194,0,-88,-52.25
0.0217611,8,-88,-52.25
-0.0354103,-32,-80,-52.25
0.00757635,-24,-80,-52.25
0.0247222,-16,-80,-52.25
0.0290397,-8,-80,-52.25
0.0175653,0,-80,-52.25
0.0169995,8,-80,-52.25
-0.0149575,16,-80,-52.25
-0.185802,-40,-72,-52.25
-0.0742315,-32,-72,-52.25
-0.0314054,-24,-72,-52.25
-0.186919,-40,-64,-52.25
-0.0748859,-32,-64,-52.25
-0.165857,-40,-56,-52.25
-0.0711007,-40,-48,-52.25
0.0287486,-32,-48,-52.25
-0.0221734,-48,-40,-52.25
0.0145942,-40,-40,-52.25
0.0729759,-32,-40,-52.25
0.0198517,-48,-32,-52.25
0.0697284,-40,-32,-52.25
0.113255,-32,-32,-52.25
0.0902946,-48,-24,-52.25
0.118055,-40,-24,-52.25
0.163875,-32,-24,-52.25
0.151952,-48,-16,-52.25
0.137662,-40,-16,-52.25
0.173479,-32,-16,-52.25
0.178585,-48,-8,-52.25
0.154478,-40,-8,-52.25
0.190127,-32,-8,-52.25
0.186612,-48,0,-52.25
0.160564,-40,0,-52.25
0.159179,-32,0,-52.25
0.179395,40,0,-52.25
0.168002,-48,8,-52.25
0.158955,-40,8,-52.25
0.149162,-32,8,-52.25
0.143412,40,8,-52.25
0.164735,-48,16,-52.25
0.169428,-40,16,-52.25
0.16877,-32,16,-52.25
0.16534,-24,16,-52.25
0.157629,32,16,-52.25
0.126493,40,16,-52.25
0.168053,-48,24,-52.25
0.184962,-40,24,-52.25
0.189198,-32,24,-52.25
0.185021,-24,24,-52.25
0.178037,-16,24,-52.25
0.156528,24,24,-52.25
0.154679,32,24,-52.25
0.16422,-48,32,-52.25
0.191838,-40,32,-52.25
0.199858,-32,32,-52.25
0.1919,-24,32,-52.25
0.195042,-16,32,-52.25
0.160837,24,32,-52.25
0.168095,32,32,-52.25
0.148037,-48,40,-52.25
0.188787,-40,40,-52.25
0.200635,-32,40,-52.25
0.187239,-24,40,-52.25
0.164992,24,40,-52.25
0.159839,32,40,-52.25
0.128255,-48,48,-52.25
0.174635,-40,48,-52.25
0.196849,-32,48,-52.25
0.147749,16,48,-52.25
0.161589,24,48,-52.25
0.152956,32,48,-52.25
0.156377,-40,56,-52.25
0.177898,-32,56,-52.25
0.157356,16,56,-52.25
0.142734,24,56,-52.25
0.151515,-40,64,-52.25
0.0778132,24,64,-52.25
0.0399476,-8,-104,-44.25
0.0317168,0,-104,-44.25
0.0169004,-24,-96,-44.25
0.0208666,-16,-96,-44.25
0.0419932,-8,-96,-44.25
0.0456012,0,-96,-44.25
0.0331292,8,-96,-44.25
-0.0178568,-32,-88,-44.25
0.0170314,-24,-88,-44.25
0.0314589,-16,-88,-44.25
0.0340523,-8,-88,-44.25
0.0304822,0,-88,-44.25
0.0317355,8,-88,-44.25
-0.056488,-32,-80,-44.25
-0.210099,-40,-72,-44.25
-0.10383,-48,-56,-44.25
-0.0393744,-48,-48,-44.25
-0.00534798,-48,-40,-44.25
0.106343,-56,-32,-44.25
0.0636674,-48,-32,-44.25
0.125024,-56,-24,-44.25
0.116964,-48,-24,-44.25
0.168774,-56,-16,-44.25
0.144604,-48,-16,-44.25
0.127425,-40,-16,-44.25
0.171627,-56,-8,-44.25
0.163207,-48,-8,-44.25
0.147229,-40,-8,-44.25
0.143108,-32,-8,-44.25
0.162111,-56,0,-44.25
0.172496,-48,0,-44.25
0.145909,-40,0,-44.25
0.10126,-32,0,-44.25
0.13131,-56,8,-44.25
0.170187,-48,8,-44.25
0.170778,-40,8,-44.25
0.143333,-32,8,-44.25
0.157825,40,8,-44.25
0.127592,-56,16,-44.25
0.175621,-48,16,-44.25
0.192818,-40,16,-44.25
0.184221,-32,16,-44.25
0.159668,-24,16,-44.25
0.195415,32,16,-44.25
0.163483,40,16,-44.25
0.12936,-56,24,-44.25
0.181431,-48,24,-44.25
0.206489,-40,24,-44.25
0.217394,-32,24,-44.25
0.207758,-24,24,-44.25
0.184734,-16,24,-44.25
0.192371,24,24,-44.25
0.189153,32,24,-44.25
0.167404,40,24,-44.25
0.161296,-56,32,-44.25
0.183109,-48,32,-44.25
0.210374,-40,32,-44.25
0.225923,-32,32,-44.25
0.218294,-24,32,-44.25
0.202427,-16,32,-44.25
0.201991,24,32,-44.25
0.199646,32,32,-44.25
0.180449,40,32,-44.25
0.170332,-48,40,-44.25
0.203279,-40,40,-44.25
0.221273,-32,40,-44.25
0.211268,-24,40,-44.25
0.210431,24,40,-44.25
0.183129,32,40,-44.25
0.131482,40,40,-44.25
0.157958,-48,48,-44.25
0.193822,-40,48,-44.25
0.214839,-32,48,-44.25
0.187472,24,48,-44.25
0.150269,32,48,-44.25
0.150451,-48,56,-44.25
0.192952,-40,56,-44.25
0.208463,-32,56,-44.25
0.172715,24,56,-44.25
0.119261,32,56,-44.25
0.167592,-40,64,-44.25
0.201559,-32,64,-44.25
0.199385,16,64,-44.25
0.150191,24,64,-44.25
0.0811965,32,64,-44.25
0.119948,-40,72,-44.25
0.172825,24,72,-44.25
0.0547385,-56,-40,-36.25
0.0891468,-56,-32,-36.25
0.127151,-56,-24,-36.25
0.116251,-48,-24,-36.25
0.174252,-56,-16,-36.25
0.119548,-48,-16,-36.25
0.0,48,-16,-36.25
0.177329,-56,-8,-36.25
0.141061,-48,-8,-36.25
0.0925905,-40,-8,-36.25
0.23548,48,-8,-36.25
0.183531,-56,0,-36.25
0.16552,-48,0,-36.25
0.128946,-40,0,-36.25
0.0601318,-32,0,-36.25
0.160309,40,0,-36.25
0.117978,48,0,-36.25
0.173562,-56,8,-36.25
0.18204,-48,8,-36.25
0.175471,-40,8,-36.25
0.126843,-32,8,-36.25
0.155036,40,8,-36.25
0.0928371,48,8,-36.25
0.165983,-56,16,-36.25
0.193506,-48,16,-36.25
0.206051,-40,16,-36.25
0.170917,-32,16,-36.25
0.113214,-24,16,-36.25
0.220545,32,16,-36.25
0.170747,40,16,-36.25
0.139568,48,16,-36.25
0.14704,-56,24,-36.25
0.200222,-48,24,-36.25
0.226713,-40,24,-36.25
0.217142,-32,24,-36.25
0.184722,-24,24,-36.25
0.222997,32,24,-36.25
0.198021,40,24,-36.25
0.162597,-56,32,-36.25
0.203584,-48,32,-36.25
0.227724,-40,32,-36.25
0.226918,-32,32,-36.25
0.198831,-24,32,-36.25
0.167456,-16,32,-36.25
0.265821,24,32,-36.25
0.232901,32,32,-36.25
0.222523,40,32,-36.25
0.172321,-56,40,-36.25
0.195692,-48,40,-36.25
0.222831,-40,40,-36.25
0.223547,-32,40,-36.25
0.193754,-24,40,-36.25
0.252688,24,40,-36.25
0.223705,32,40,-36.25
0.211797,40,40,-36.25
0.174269,-56,48,-36.25
0.185177,-48,48,-36.25
0.208362,-40,48,-36.25
0.208171,-32,48,-36.25
0.215909,24,48,-36.25
0.191774,32,48,-36.25
0.182759,40,48,-36.25
0.178129,-48,56,-36.25
0.197184,-40,56,-36.25
0.202084,-32,56,-36.25
0.194783,24,56,-36.25
0.170642,32,56,-36.25
0.161092,40,56,-36.25
0.152834,-48,64,-36.25
0.183695,-40,64,-36.25
0.239623,-32,64,-36.25
0.18972,24,64,-36.25
0.146312,32,64,-36.25
0.180109,-40,72,-36.25
0.158737,24,72,-36.25
0.150859,32,72,-36.25
0.150247,24,80,-36.25
-0.0134266,-56,-48,-28.25
0.0720975,-56,-40,-28.25
0.138713,-56,-32,-28.25
0.16225,-56,-24,-28.25
0.11918,-48,-24,-28.25
0.17601,-56,-16,-28.25
0.119305,-48,-16,-28.25
0.0,48,-16,-28.25
0.211995,-64,-8,-28.25
0.182761,-56,-8,-28.25
0.135386,-48,-8,-28.25
0.0562933,-40,-8,-28.25
0.140327,40,-8,-28.25
0.153806,48,-8,-28.25
0.223327,-64,0,-28.25
0.20028,-56,0,-28.25
0.176221,-48,0,-28.25
0.110336,-40,0,-28.25
0.171431,40,0,-28.25
0.136628,48,0,-28.25
0.190795,-64,8,-28.25
0.201258,-56,8,-28.25
0.203662,-48,8,-28.25
0.173,-40,8,-28.25
0.107935,-32,8,-28.25
0.182991,40,8,-28.25
0.141674,48,8,-28.25
0.142684,-64,16,-28.25
0.187934,-56,16,-28.25
0.217342,-48,16,-28.25
0.21466,-40,16,-28.25
0.16206,-32,16,-28.25
0.0780468,-24,16,-28.25
0.20767,32,16,-28.25
0.193854,40,16,-28.25
0.180445,48,16,-28.25
0.0889407,-64,24,-28.25
0.167746,-56,24,-28.25
0.22152,-48,24,-28.25
0.237769,-40,24,-28.25
0.217727,-32,24,-28.25
0.169264,-24,24,-28.25
0.225746,32,24,-28.25
0.212286,40,24,-28.25
0.11475,-64,32,-28.25
0.17203,-56,32,-28.25
0.221771,-48,32,-28.25
0.239742,-40,32,-28.25
0.228921,-32,32,-28.25
0.184968,-24,32,-28.25
0.168592,-16,32,-28.25
0.23854,32,32,-28.25
0.231512,40,32,-28.25
0.184965,-56,40,-28.25
0.216753,-48,40,-28.25
0.238942,-40,40,-28.25
0.234413,-32,40,-28.25
0.190806,-24,40,-28.25
0.270608,24,40,-28.25
0.237305,32,40,-28.25
0.231665,40,40,-28.25
0.171409,-56,48,-28.25
0.205746,-48,48,-28.25
0.224797,-40,48,-28.25
0.216049,-32,48,-28.25
0.25244,24,48,-28.25
0.215073,32,48,-28.25
0.20648,40,48,-28.25
0.134839,-56,56,-28.25
0.178517,-48,56,-28.25
0.202584,-40,56,-28.25
0.199505,-32,56,-28.25
0.232829,24,56,-28.25
0.1931,32,56,-28.25
0.180097,40,56,-28.25
0.073636,-56,64,-28.25
0.147485,-48,64,-28.25
0.187852,-40,64,-28.25
0.260439,-32,64,-28.25
0.220891,24,64,-28.25
0.17662,32,64,-28.25
0.0990459,-48,72,-28.25
0.170148,-40,72,-28.25
0.263048,-32,72,-28.25
0.167098,24,72,-28.25
0.156411,32,72,-28.25
0.0810369,-40,80,-28.25
0.108378,16,80,-28.25
0.181576,24,80,-28.25
0.0888479,-56,-48,-20.25
0.116251,-56,-40,-20.25
0.165918,-64,-32,-20.25
0.171135,-56,-32,-20.25
0.216533,-64,-24,-20.25
0.194362,-56,-24,-20.25
0.167388,-48,-24,-20.25
0.216493,-64,-16,-20.25
0.191625,-56,-16,-20.25
0.125869,-48,-16,-20.25
0.108806,48,-16,-20.25
0.229684,-64,-8,-20.25
0.202305,-56,-8,-20.25
0.142859,-48,-8,-20.25
0.126394,48,-8,-20.25
0.247188,-64,0,-20.25
0.225493,-56,0,-20.25
0.189592,-48,0,-20.25
0.0821081,-40,0,-20.25
0.177463,40,0,-20.25
0.149228,48,0,-20.25
0.23753,-64,8,-20.25
0.237188,-56,8,-20.25
0.224998,-48,8,-20.25
0.180783,-40,8,-20.25
0.192086,40,8,-20.25
0.155592,48,8,-20.25
0.201107,-64,16,-20.25
0.231941,-56,16,-20.25
0.252018,-48,16,-20.25
0.225459,-40,16,-20.25
0.148554,-32,16,-20.25
0.217653,32,16,-20.25
0.201577,40,16,-20.25
0.184513,48,16,-20.25
0.175216,-64,24,-20.25
0.221268,-56,24,-20.25
0.260662,-48,24,-20.25
0.257231,-40,24,-20.25
0.222472,32,24,-20.25
0.207997,40,24,-20.25
0.196887,48,24,-20.25
0.182797,-64,32,-20.25
0.218145,-56,32,-20.25
0.256012,-48,32,-20.25
0.254251,-40,32,-20.25
0.226921,-32,32,-20.25
0.172836,-24,32,-20.25
0.143782,-16,32,-20.25
0.236229,32,32,-20.25
0.22388,40,32,-20.25
0.209287,48,32,-20.25
0.214959,-64,40,-20.25
0.225746,-56,40,-20.25
0.249777,-48,40,-20.25
0.249243,-40,40,-20.25
0.227938,-32,40,-20.25
0.196523,-24,40,-20.25
0.158582,-16,40,-20.25
0.237233,24,40,-20.25
0.241372,32,40,-20.25
0.228011,40,40,-20.25
0.21238,48,40,-20.25
0.200658,-64,48,-20.25
0.215558,-56,48,-20.25
0.235943,-48,48,-20.25
0.241218,-40,48,-20.25
0.222213,-32,48,-20.25
0.243088,24,48,-20.25
0.224654,32,48,-20.25
0.212679,40,48,-20.25
0.158469,-64,56,-20.25
0.174264,-56,56,-20.25
0.203127,-48,56,-20.25
0.216812,-40,56,-20.25
0.205583,-32,56,-20.25
0.235332,24,56,-20.25
0.203072,32,56,-20.25
0.179723,40,56,-20.25
0.104818,-56,64,-20.25
0.160017,-48,64,-20.25
0.195999,-40,64,-20.25
0.218344,-32,64,-20.25
0.24487,24,64,-20.25
0.188006,32,64,-20.25
0.14458,40,64,-20.25
0.115909,-48,72,-20.25
0.17615,-40,72,-20.25
0.25907,-32,72,-20.25
0.202566,24,72,-20.25
0.161659,32,72,-20.25
0.0276769,-48,80,-20.25
0.111777,-40,80,-20.25
0.202127,24,80,-20.25
0.20195,32,80,-20.25
0.0712129,-40,88,-20.25
0.100856,16,88,-20.25
0.22982,24,88,-20.25
0.127853,-56,-56,-12.25
0.103038,-64,-48,-12.25
0.154307,-56,-48,-12.25
0.158263,-64,-40,-12.25
0.186553,-56,-40,-12.25
0.19281,-64,-32,-12.25
0.191072,-56,-32,-12.25
0.211568,-64,-24,-12.25
0.206672,-56,-24,-12.25
0.16649,-48,-24,-12.25
0.198185,-64,-16,-12.25
0.19289,-56,-16,-12.25
0.12282,-48,-16,-12.25
0.108552,48,-16,-12.25
0.0995599,-72,-8,-12.25
0.212324,-64,-8,-12.25
0.209724,-56,-8,-12.25
0.162788,-48,-8,-12.25
0.116004,48,-8,-12.25
0.125971,-72,0,-12.25
0.22497,-64,0,-12.25
0.232727,-56,0,-12.25
0.217558,-48,0,-12.25
0.194683,40,0,-12.25
0.153969,48,0,-12.25
0.106304,56,0,-12.25
0.134606,-72,8,-12.25
0.234642,-64,8,-12.25
0.249897,-56,8,-12.25
0.265414,-48,8,-12.25
0.223882,-40,8,-12.25
0.249402,32,8,-12.25
0.203762,40,8,-12.25
0.174863,48,8,-12.25
0.135456,-72,16,-12.25
0.225753,-64,16,-12.25
0.252873,-56,16,-12.25
0.282773,-48,16,-12.25
0.250822,-40,16,-12.25
0.235969,32,16,-12.25
0.209192,40,16,-12.25
0.190514,48,16,-12.25
0.221675,-64,24,-12.25
0.25455,-56,24,-12.25
0.289223,-48,24,-12.25
0.231152,32,24,-12.25
0.215699,40,24,-12.25
0.203415,48,24,-12.25
0.239098,-64,32,-12.25
0.255337,-56,32,-12.25
0.280077,-48,32,-12.25
0.192136,-24,32,-12.25
0.134287,-16,32,-12.25
0.22627,24,32,-12.25
0.237202,32,32,-12.25
0.228898,40,32,-12.25
0.217522,48,32,-12.25
0.251172,-64,40,-12.25
0.255495,-56,40,-12.25
0.270067,-48,40,-12.25
0.261055,-40,40,-12.25
0.23439,-32,40,-12.25
0.204773,-24,40,-12.25
0.132613,-16,40,-12.25
0.171481,-8,40,-12.25
0.178461,0,40,-12.25
0.23597,32,40,-12.25
0.230334,40,40,-12.25
0.20405,48,40,-12.25
0.230159,-64,48,-12.25
0.244848,-56,48,-12.25
0.259227,-48,48,-12.25
0.258466,-40,48,-12.25
0.232977,-32,48,-12.25
0.230252,24,48,-12.25
0.235524,32,48,-12.25
0.213969,40,48,-12.25
0.180118,48,48,-12.25
0.181006,-64,56,-12.25
0.212599,-56,56,-12.25
0.233263,-48,56,-12.25
0.239783,-40,56,-12.25
0.222789,-32,56,-12.25
0.232452,24,56,-12.25
0.216571,32,56,-12.25
0.176687,40,56,-12.25
0.139434,48,56,-12.25
0.11688,-64,64,-12.25
0.165683,-56,64,-12.25
0.195239,-48,64,-12.25
0.218192,-40,64,-12.25
0.238355,-32,64,-12.25
0.244043,24,64,-12.25
0.19349,32,64,-12.25
0.133218,40,64,-12.25
0.115955,-56,72,-12.25
0.162841,-48,72,-12.25
0.204418,-40,72,-12.25
0.273362,-32,72,-12.25
0.227874,24,72,-12.25
0.16301,32,72,-12.25
0.087257,40,72,-12.25
0.129712,-48,80,-12.25
0.180696,-40,80,-12.25
0.211554,24,80,-12.25
0.125261,32,80,-12.25
0.131071,-48,88,-12.25
0.16195,-40,88,-12.25
0.142987,16,88,-12.25
0.174775,24,88,-12.25
0.0659847,-56,-64,-4.25
0.100609,-64,-56,-4.25
0.162266,-56,-56,-4.25
0.151483,-64,-48,-4.25
0.196219,-56,-48,-4.25
0.192465,-64,-40,-4.25
0.212992,-56,-40,-4.25
0.200889,-64,-32,-4.25
0.191591,-56,-32,-4.25
0.0866672,-48,-32,-4.25
0.193643,-64,-24,-4.25
0.184511,-56,-24,-4.25
0.0754519,-48,-24,-4.25
0.109413,48,-24,-4.25
0.0760083,-72,-16,-4.25
0.172775,-64,-16,-4.25
0.175181,-56,-16,-4.25
0.0758216,-48,-16,-4.25
0.0832644,48,-16,-4.25
0.101708,-72,-8,-4.25
0.185692,-64,-8,-4.25
0.205152,-56,-8,-4.25
0.154073,-48,-8,-4.25
0.122817,48,-8,-4.25
0.0715003,56,-8,-4.25
0.156349,-72,0,-4.25
0.211939,-64,0,-4.25
0.240995,-56,0,-4.25
0.246577,-48,0,-4.25
0.170159,40,0,-4.25
0.161128,48,0,-4.25
0.116492,56,0,-4.25
0.168197,-72,8,-4.25
0.226365,-64,8,-4.25
0.257356,-56,8,-4.25
0.285398,-48,8,-4.25
0.187412,32,8,-4.25
0.190321,40,8,-4.25
0.185756,48,8,-4.25
0.16554,56,8,-4.25
0.165755,-72,16,-4.25
0.227581,-64,16,-4.25
0.262396,-56,16,-4.25
0.29703,-48,16,-4.25
0.203933,32,16,-4.25
0.209144,40,16,-4.25
0.204839,48,16,-4.25
0.180665,56,16,-4.25
0.156731,-72,24,-4.25
0.222581,-64,24,-4.25
0.263088,-56,24,-4.25
0.172412,-24,24,-4.25
0.188024,24,24,-4.25
0.222952,32,24,-4.25
0.22464,40,24,-4.25
0.216605,48,24,-4.25
0.199743,-72,32,-4.25
0.242848,-64,32,-4.25
0.269005,-56,32,-4.25
0.288288,-48,32,-4.25
0.277098,-40,32,-4.25
0.245281,-32,32,-4.25
0.194875,-24,32,-4.25
0.225515,32,32,-4.25
0.233463,40,32,-4.25
0.226107,48,32,-4.25
0.217755,-72,40,-4.25
0.256922,-64,40,-4.25
0.263536,-56,40,-4.25
0.27578,-48,40,-4.25
0.263737,-40,40,-4.25
0.223638,-32,40,-4.25
0.198883,-24,40,-4.25
0.137465,-8,40,-4.25
0.057926,0,40,-4.25
0.180662,8,40,-4.25
0.226893,32,40,-4.25
0.230987,40,40,-4.25
0.205947,48,40,-4.25
0.242385,-64,48,-4.25
0.252826,-56,48,-4.25
0.26161,-48,48,-4.25
0.257683,-40,48,-4.25
0.218475,-32,48,-4.25
0.217911,-24,48,-4.25
0.109505,0,48,-4.25
0.243017,8,48,-4.25
0.216796,32,48,-4.25
0.210376,40,48,-4.25
0.163229,48,48,-4.25
0.211985,-64,56,-4.25
0.227728,-56,56,-4.25
0.240717,-48,56,-4.25
0.240094,-40,56,-4.25
0.21765,-32,56,-4.25
0.228377,24,56,-4.25
0.213817,32,56,-4.25
0.178616,40,56,-4.25
0.118903,48,56,-4.25
0.161687,-64,64,-4.25
0.191843,-56,64,-4.25
0.21091,-48,64,-4.25
0.22279,-40,64,-4.25
0.238132,-32,64,-4.25
0.247924,24,64,-4.25
0.197599,32,64,-4.25
0.144151,40,64,-4.25
0.09895,-64,72,-4.25
0.157339,-56,72,-4.25
0.185913,-48,72,-4.25
0.212166,-40,72,-4.25
0.284653,-32,72,-4.25
0.248626,24,72,-4.25
0.177678,32,72,-4.25
0.0813417,40,72,-4.25
0.139115,-56,80,-4.25
0.170779,-48,80,-4.25
0.201783,-40,80,-4.25
0.285024,-32,80,-4.25
0.23849,24,80,-4.25
0.145226,32,80,-4.25
0.166213,-48,88,-4.25
0.193424,-40,88,-4.25
0.260003,16,88,-4.25
0.187888,24,88,-4.25
0.0839763,32,88,-4.25
0.162134,16,96,-4.25
0.13249,-56,-72,3.75
0.0755289,-64,-64,3.75
0.120812,-56,-64,3.75
0.140924,-64,-56,3.75
0.160371,-56,-56,3.75
0.18539,-64,-48,3.75
0.188649,-56,-48,3.75
0.0999181,-48,-48,3.75
0.211304,-64,-40,3.75
0.212536,-56,-40,3.75
0.157845,-48,-40,3.75
0.15116,-72,-32,3.75
0.217761,-64,-32,3.75
0.204159,-56,-32,3.75
0.147751,-48,-32,3.75
0.244274,48,-32,3.75
0.149913,-72,-24,3.75
0.205049,-64,-24,3.75
0.195888,-56,-24,3.75
0.160616,-48,-24,3.75
0.0915865,48,-24,3.75
0.124807,-72,-16,3.75
0.188025,-64,-16,3.75
0.194352,-56,-16,3.75
0.167018,-48,-16,3.75
0.105804,48,-16,3.75
0.0470439,56,-16,3.75
0.125781,-72,-8,3.75
0.193744,-64,-8,3.75
0.214671,-56,-8,3.75
0.19204,-48,-8,3.75
0.122485,40,-8,3.75
0.129973,48,-8,3.75
0.0916146,56,-8,3.75
0.151603,-72,0,3.75
0.208572,-64,0,3.75
0.241872,-56,0,3.75
0.216106,-48,0,3.75
0.104002,32,0,3.75
0.152919,40,0,3.75
0.161987,48,0,3.75
0.131407,56,0,3.75
0.15943,-72,8,3.75
0.219577,-64,8,3.75
0.264012,-56,8,3.75
0.267684,-48,8,3.75
0.21996,-24,8,3.75
0.164813,24,8,3.75
0.169905,32,8,3.75
0.190375,40,8,3.75
0.189356,48,8,3.75
0.16485,56,8,3.75
0.152627,-72,16,3.75
0.226062,-64,16,3.75
0.269925,-56,16,3.75
0.296138,-48,16,3.75
0.189387,-24,16,3.75
0.197281,24,16,3.75
0.198038,32,16,3.75
0.211029,40,16,3.75
0.205168,48,16,3.75
0.180959,56,16,3.75
0.149085,-72,24,3.75
0.226121,-64,24,3.75
0.267901,-56,24,3.75
0.295459,-48,24,3.75
0.239222,-32,24,3.75
0.159714,-24,24,3.75
0.161106,8,24,3.75
0.163156,16,24,3.75
0.196597,24,24,3.75
0.210863,32,24,3.75
0.223646,40,24,3.75
0.219603,48,24,3.75
0.194982,56,24,3.75
0.171388,-72,32,3.75
0.234431,-64,32,3.75
0.2728,-56,32,3.75
0.288709,-48,32,3.75
0.256788,-40,32,3.75
0.221545,-32,32,3.75
0.177054,-24,32,3.75
0.141507,8,32,3.75
0.214241,32,32,3.75
0.229559,40,32,3.75
0.231414,48,32,3.75
0.173967,-72,40,3.75
0.233329,-64,40,3.75
0.262295,-56,40,3.75
0.270118,-48,40,3.75
0.247005,-40,40,3.75
0.203446,-32,40,3.75
0.0961675,0,40,3.75
0.161026,8,40,3.75
0.217882,32,40,3.75
0.222721,40,40,3.75
0.202979,48,40,3.75
0.150972,-72,48,3.75
0.226742,-64,48,3.75
0.256091,-56,48,3.75
0.258795,-48,48,3.75
0.246373,-40,48,3.75
0.203109,-32,48,3.75
0.138093,0,48,3.75
0.201027,8,48,3.75
0.213946,32,48,3.75
0.207174,40,48,3.75
0.173815,48,48,3.75
0.157861,-72,56,3.75
0.213336,-64,56,3.75
0.236742,-56,56,3.75
0.245771,-48,56,3.75
0.238064,-40,56,3.75
0.215054,-32,56,3.75
0.251509,8,56,3.75
0.234761,16,56,3.75
0.2232,24,56,3.75
0.211047,32,56,3.75
0.185465,40,56,3.75
0.135776,48,56,3.75
0.165861,-72,64,3.75
0.195798,-64,64,3.75
0.21423,-56,64,3.75
0.228159,-48,64,3.75
0.230301,-40,64,3.75
0.224619,-32,64,3.75
0.275383,16,64,3.75
0.24584,24,64,3.75
0.203365,32,64,3.75
0.157701,40,64,3.75
0.0756897,48,64,3.75
0.153247,-72,72,3.75
0.170568,-64,72,3.75
0.191127,-56,72,3.75
0.205061,-48,72,3.75
0.220473,-40,72,3.75
0.270117,-32,72,3.75
0.257426,24,72,3.75
0.194911,32,72,3.75
0.116523,40,72,3.75
0.14432,-64,80,3.75
0.17366,-56,80,3.75
0.184663,-48,80,3.75
0.203555,-40,80,3.75
0.254659,-32,80,3.75
0.24951,24,80,3.75
0.173363,32,80,3.75
0.0838626,40,80,3.75
0.174764,-56,88,3.75
0.171547,-48,88,3.75
0.19177,-40,88,3.75
0.250646,-32,88,3.75
0.261747,16,88,3.75
0.218974,24,88,3.75
0.125016,32,88,3.75
0.170543,-48,96,3.75
0.187067,-40,96,3.75
0.223435,16,96,3.75
0.169071,24,96,3.75
0.112633,-64,-72,11.75
0.120726,-56,-72,11.75
0.107504,-64,-64,11.75
0.126521,-56,-64,11.75
0.153489,-64,-56,11.75
0.137873,-56,-56,11.75
0.0679522,-48,-56,11.75
0.172461,-72,-48,11.75
0.188008,-64,-48,11.75
0.163338,-56,-48,11.75
0.110062,-48,-48,11.75
0.184461,48,-48,11.75
0.184312,-72,-40,11.75
0.206423,-64,-40,11.75
0.181957,-56,-40,11.75
0.144332,-48,-40,11.75
0.130705,-40,-40,11.75
0.17331,48,-40,11.75
0.199525,-72,-32,11.75
0.220907,-64,-32,11.75
0.191753,-56,-32,11.75
0.150125,-48,-32,11.75
0.105766,-40,-32,11.75
0.116589,48,-32,11.75
0.0111144,56,-32,11.75
0.0774914,-80,-24,11.75
0.195747,-72,-24,11.75
0.21593,-64,-24,11.75
0.196871,-56,-24,11.75
0.166261,-48,-24,11.75
0.117741,-40,-24,11.75
0.00689883,40,-24,11.75
0.0838864,48,-24,11.75
0.00604704,56,-24,11.75
0.18389,-72,-16,11.75
0.212093,-64,-16,11.75
0.2054,-56,-16,11.75
0.19156,-48,-16,11.75
0.0699458,40,-16,11.75
0.106539,48,-16,11.75
0.0604852,56,-16,11.75
0.194916,-72,-8,11.75
0.217162,-64,-8,11.75
0.217755,-56,-8,11.75
0.210763,-48,-8,11.75
0.0891537,32,-8,11.75
0.118885,40,-8,11.75
0.138201,48,-8,11.75
0.111124,56,-8,11.75
0.174667,-80,0,11.75
0.211848,-72,0,11.75
0.227843,-64,0,11.75
0.236147,-56,0,11.75
0.227467,-48,0,11.75
0.117684,-24,0,11.75
0.0916216,24,0,11.75
0.110978,32,0,11.75
0.14906,40,0,11.75
0.163371,48,0,11.75
0.145057,56,0,11.75
0.192362,-80,8,11.75
0.210385,-72,8,11.75
0.229731,-64,8,11.75
0.249436,-56,8,11.75
0.260624,-48,8,11.75
0.0657414,-24,8,11.75
0.119795,16,8,11.75
0.147786,24,8,11.75
0.163106,32,8,11.75
0.185832,40,8,11.75
0.183305,48,8,11.75
0.164995,56,8,11.75
0.147487,-80,16,11.75
0.201725,-72,16,11.75
0.23721,-64,16,11.75
0.252178,-56,16,11.75
0.117148,-24,16,11.75
0.131718,8,16,11.75
0.152669,16,16,11.75
0.175261,24,16,11.75
0.185641,32,16,11.75
0.201907,40,16,11.75
0.195843,48,16,11.75
0.176373,56,16,11.75
0.192352,-72,24,11.75
0.231828,-64,24,11.75
0.245644,-56,24,11.75
0.248475,-48,24,11.75
0.131283,-24,24,11.75
0.0899632,8,24,11.75
0.12848,16,24,11.75
0.172544,24,24,11.75
0.19154,32,24,11.75
0.20822,40,24,11.75
0.205112,48,24,11.75
0.185324,56,24,11.75
0.183436,-72,32,11.75
0.234388,-64,32,11.75
0.262155,-56,32,11.75
0.259711,-48,32,11.75
0.225908,-40,32,11.75
0.203166,-32,32,11.75
0.122125,8,32,11.75
0.145714,16,32,11.75
0.181429,24,32,11.75
0.200358,32,32,11.75
0.216518,40,32,11.75
0.226871,48,32,11.75
0.222307,56,32,11.75
0.173226,-72,40,11.75
0.22956,-64,40,11.75
0.25429,-56,40,11.75
0.250885,-48,40,11.75
0.22641,-40,40,11.75
0.200335,-32,40,11.75
0.121453,-8,40,11.75
0.128498,0,40,11.75
0.142135,8,40,11.75
0.212697,32,40,11.75
0.221198,40,40,11.75
0.217063,48,40,11.75
0.183783,56,40,11.75
0.165416,-72,48,11.75
0.230065,-64,48,11.75
0.249477,-56,48,11.75
0.246406,-48,48,11.75
0.228536,-40,48,11.75
0.19953,-32,48,11.75
0.172217,-24,48,11.75
0.155161,-8,48,11.75
0.156677,0,48,11.75
0.168031,8,48,11.75
0.198018,16,48,11.75
0.215523,24,48,11.75
0.220626,32,48,11.75
0.219904,40,48,11.75
0.207978,48,48,11.75
0.199945,56,48,11.75
0.182733,-72,56,11.75
0.223272,-64,56,11.75
0.239862,-56,56,11.75
0.245664,-48,56,11.75
0.232763,-40,56,11.75
0.209884,-32,56,11.75
0.194373,0,56,11.75
0.202125,8,56,11.75
0.21734,16,56,11.75
0.218679,24,56,11.75
0.213797,32,56,11.75
0.201948,40,56,11.75
0.17904,48,56,11.75
0.173482,-72,64,11.75
0.21041,-64,64,11.75
0.224535,-56,64,11.75
0.233141,-48,64,11.75
0.225329,-40,64,11.75
0.208331,-32,64,11.75
0.240357,8,64,11.75
0.245647,16,64,11.75
0.23709,24,64,11.75
0.21164,32,64,11.75
0.188603,40,64,11.75
0.14972,48,64,11.75
0.200279,-72,72,11.75
0.211629,-64,72,11.75
0.213014,-56,72,11.75
0.218706,-48,72,11.75
0.220376,-40,72,11.75
0.234074,-32,72,11.75
0.254407,16,72,11.75
0.25085,24,72,11.75
0.209126,32,72,11.75
0.161943,40,72,11.75
0.101025,48,72,11.75
0.203427,-64,80,11.75
0.197617,-56,80,11.75
0.200844,-48,80,11.75
0.204095,-40,80,11.75
0.218971,-32,80,11.75
0.266075,16,80,11.75
0.249661,24,80,11.75
0.203022,32,80,11.75
0.152335,40,80,11.75
0.193391,-64,88,11.75
0.193608,-56,88,11.75
0.195034,-48,88,11.75
0.202959,-40,88,11.75
0.223245,-32,88,11.75
0.229757,16,88,11.75
0.218314,24,88,11.75
0.161736,32,88,11.75
0.107662,40,88,11.75
0.215995,-56,96,11.75
0.204689,-48,96,11.75
0.212712,-40,96,11.75
0.198447,16,96,11.75
0.18204,24,96,11.75
0.0936272,32,96,11.75
0.0695555,-56,-80,19.75
0.0186258,-64,-72,19.75
0.0606607,-56,-72,19.75
0.0926006,-48,-72,19.75
0.0608892,-64,-64,19.75
0.0917615,-56,-64,19.75
0.0831438,-48,-64,19.75
0.314568,48,-64,19.75
0.055821,-72,-56,19.75
0.104959,-64,-56,19.75
0.113237,-56,-56,19.75
0.0715703,-48,-56,19.75
0.0908256,-40,-56,19.75
0.233585,48,-56,19.75
0.129692,-72,-48,19.75
0.146144,-64,-48,19.75
0.139717,-56,-48,19.75
0.0976758,-48,-48,19.75
0.0749876,-40,-48,19.75
0.189961,48,-48,19.75
0.155529,-72,-40,19.75
0.166979,-64,-40,19.75
0.154631,-56,-40,19.75
0.121174,-48,-40,19.75
0.0883722,-40,-40,19.75
0.0232624,-32,-40,19.75
0.136856,48,-40,19.75
-0.0481469,56,-40,19.75
0.109085,-80,-32,19.75
0.183124,-72,-32,19.75
0.184013,-64,-32,19.75
0.168571,-56,-32,19.75
0.132305,-48,-32,19.75
0.102868,-40,-32,19.75
0.0665821,-32,-32,19.75
0.0418175,40,-32,19.75
0.0883783,48,-32,19.75
-0.00403076,56,-32,19.75
0.118417,-80,-24,19.75
0.190802,-72,-24,19.75
0.194074,-64,-24,19.75
0.183922,-56,-24,19.75
0.150367,-48,-24,19.75
0.128637,-40,-24,19.75
0.0981751,-32,-24,19.75
0.0310744,40,-24,19.75
0.0768133,48,-24,19.75
0.0172092,56,-24,19.75
0.119014,-80,-16,19.75
0.197156,-72,-16,19.75
0.204173,-64,-16,19.75
0.19309,-56,-16,19.75
0.16693,-48,-16,19.75
0.138715,-40,-16,19.75
0.177612,-32,-16,19.75
-0.00270857,-24,-16,19.75
0.0569176,32,-16,19.75
0.0807245,40,-16,19.75
0.107153,48,-16,19.75
0.0723089,56,-16,19.75
0.16419,-80,-8,19.75
0.209777,-72,-8,19.75
0.212108,-64,-8,19.75
0.205097,-56,-8,19.75
0.187225,-48,-8,19.75
0.187839,-40,-8,19.75
0.129708,-32,-8,19.75
0.0776661,-24,-8,19.75
0.200589,-16,-8,19.75
0.0155363,24,-8,19.75
0.09169,32,-8,19.75
0.126133,40,-8,19.75
0.143609,48,-8,19.75
0.120293,56,-8,19.75
0.218805,-80,0,19.75
0.224003,-72,0,19.75
0.220848,-64,0,19.75
0.222591,-56,0,19.75
0.206175,-48,0,19.75
0.0468322,-24,0,19.75
0.159145,-16,0,19.75
0.0321911,16,0,19.75
0.0700885,24,0,19.75
0.108736,32,0,19.75
0.147844,40,0,19.75
0.160712,48,0,19.75
0.145939,56,0,19.75
0.0298889,64,0,19.75
0.236076,-80,8,19.75
0.224326,-72,8,19.75
0.220742,-64,8,19.75
0.23534,-56,8,19.75
0.061405,-24,8,19.75
0.0690641,-16,8,19.75
0.0954849,8,8,19.75
0.0862467,16,8,19.75
0.120146,24,8,19.75
0.150205,32,8,19.75
0.174463,40,8,19.75
0.173338,48,8,19.75
0.155469,56,8,19.75
0.0459623,64,8,19.75
0.205986,-80,16,19.75
0.223217,-72,16,19.75
0.23242,-64,16,19.75
0.227612,-56,16,19.75
0.139652,-24,16,19.75
0.135702,-16,16,19.75
0.0942428,8,16,19.75
0.135408,16,16,19.75
0.153923,24,16,19.75
0.173766,32,16,19.75
0.188025,40,16,19.75
0.178361,48,16,19.75
0.154907,56,16,19.75
0.0327604,64,16,19.75
0.193952,-80,24,19.75
0.221975,-72,24,19.75
0.235911,-64,24,19.75
0.23339,-56,24,19.75
0.142549,-24,24,19.75
0.08798,8,24,19.75
0.135909,16,24,19.75
0.165031,24,24,19.75
0.18019,32,24,19.75
0.19357,40,24,19.75
0.185448,48,24,19.75
0.161313,56,24,19.75
0.154225,-80,32,19.75
0.200624,-72,32,19.75
0.232443,-64,32,19.75
0.248297,-56,32,19.75
0.242782,-48,32,19.75
0.193456,-32,32,19.75
0.162766,-24,32,19.75
0.115689,-8,32,19.75
0.122381,0,32,19.75
0.11979,8,32,19.75
0.149238,16,32,19.75
0.174688,24,32,19.75
0.192577,32,32,19.75
0.202891,40,32,19.75
0.201405,48,32,19.75
0.187536,56,32,19.75
0.118208,-80,40,19.75
0.180527,-72,40,19.75
0.21817,-64,40,19.75
0.238016,-56,40,19.75
0.230678,-48,40,19.75
0.213505,-40,40,19.75
0.199954,-32,40,19.75
0.172553,-24,40,19.75
0.141848,-16,40,19.75
0.113639,-8,40,19.75
0.122801,0,40,19.75
0.131459,8,40,19.75
0.168242,16,40,19.75
0.196888,24,40,19.75
0.21176,32,40,19.75
0.222299,40,40,19.75
0.219755,48,40,19.75
0.192976,56,40,19.75
0.175287,-72,48,19.75
0.212623,-64,48,19.75
0.229685,-56,48,19.75
0.223071,-48,48,19.75
0.217368,-40,48,19.75
0.204334,-32,48,19.75
0.174853,-24,48,19.75
0.160651,-16,48,19.75
0.123719,-8,48,19.75
0.135102,0,48,19.75
0.151417,8,48,19.75
0.190191,16,48,19.75
0.214126,24,48,19.75
0.220781,32,48,19.75
0.225655,40,48,19.75
0.217101,48,48,19.75
0.183907,56,48,19.75
0.182682,-72,56,19.75
0.210267,-64,56,19.75
0.223978,-56,56,19.75
0.230705,-48,56,19.75
0.230285,-40,56,19.75
0.222975,-32,56,19.75
0.137049,0,56,19.75
0.159891,8,56,19.75
0.200448,16,56,19.75
0.218817,24,56,19.75
0.21504,32,56,19.75
0.214092,40,56,19.75
0.201933,48,56,19.75
0.17153,56,56,19.75
0.168203,-72,64,19.75
0.20326,-64,64,19.75
0.212938,-56,64,19.75
0.221443,-48,64,19.75
0.21944,-40,64,19.75
0.210465,-32,64,19.75
0.173392,8,64,19.75
0.213006,16,64,19.75
0.227889,24,64,19.75
0.216843,32,64,19.75
0.209379,40,64,19.75
0.187831,48,64,19.75
0.142262,56,64,19.75
0.189679,-72,72,19.75
0.200243,-64,72,19.75
0.201849,-56,72,19.75
0.212059,-48,72,19.75
0.218462,-40,72,19.75
0.233761,-32,72,19.75
0.162358,8,72,19.75
0.2218,16,72,19.75
0.242186,24,72,19.75
0.218239,32,72,19.75
0.196936,40,72,19.75
0.156664,48,72,19.75
0.190447,-64,80,19.75
0.185547,-56,80,19.75
0.192012,-48,80,19.75
0.19375,-40,80,19.75
0.204653,-32,80,19.75
0.163664,8,80,19.75
0.225904,16,80,19.75
0.241377,24,80,19.75
0.21643,32,80,19.75
0.189426,40,80,19.75
0.18966,-64,88,19.75
0.181329,-56,88,19.75
0.186393,-48,88,19.75
0.188134,-40,88,19.75
0.194935,-32,88,19.75
0.198076,16,88,19.75
0.209641,24,88,19.75
0.172428,32,88,19.75
0.139419,40,88,19.75
0.192264,-56,96,19.75
0.184804,-48,96,19.75
0.184621,-40,96,19.75
0.184296,-32,96,19.75
0.177401,16,96,19.75
0.170559,24,96,19.75
0.105822,32,96,19.75
0.192523,-48,104,19.75
0.180586,-40,104,19.75
0.052456,16,104,19.75
0.122822,-56,-88,27.75
-0.0441742,-64,-80,27.75
0.0461078,-56,-80,27.75
0.0975831,-48,-80,27.75
0.0361974,-64,-72,27.75
0.0685741,-56,-72,27.75
0.0857693,-48,-72,27.75
0.137072,-40,-72,27.75
0.259404,48,-72,27.75
0.0655906,-64,-64,27.75
0.0863669,-56,-64,27.75
0.0768749,-48,-64,27.75
0.121341,-40,-64,27.75
0.237584,48,-64,27.75
0.0961327,-64,-56,27.75
0.103714,-56,-56,27.75
0.0747113,-48,-56,27.75
0.0664915,-40,-56,27.75
0.121962,40,-56,27.75
0.152574,48,-56,27.75
0.10714,-72,-48,27.75
0.114411,-64,-48,27.75
0.126126,-56,-48,27.75
0.1003,-48,-48,27.75
0.0615499,-40,-48,27.75
-0.0100851,-32,-48,27.75
0.0953625,40,-48,27.75
0.121635,48,-48,27.75
0.126289,-72,-40,27.75
0.126175,-64,-40,27.75
0.137776,-56,-40,27.75
0.123462,-48,-40,27.75
0.0884611,-40,-40,27.75
0.0430127,-32,-40,27.75
0.0614929,40,-40,27.75
0.0898281,48,-40,27.75
-0.0130691,56,-40,27.75
0.0953725,-80,-32,27.75
0.150219,-72,-32,27.75
0.12645,-64,-32,27.75
0.135926,-56,-32,27.75
0.126679,-48,-32,27.75
0.122527,-40,-32,27.75
0.103781,-32,-32,27.75
-0.042828,-24,-32,27.75
0.0261799,40,-32,27.75
0.065838,48,-32,27.75
0.0159222,56,-32,27.75
0.122034,-80,-24,27.75
0.17477,-72,-24,27.75
0.154517,-64,-24,27.75
0.149489,-56,-24,27.75
0.123111,-48,-24,27.75
0.153716,-40,-24,27.75
0.164735,-32,-24,27.75
0.0314876,-24,-24,27.75
-0.102612,-16,-24,27.75
-0.672776,-8,-24,27.75
-0.0150925,32,-24,27.75
0.0236563,40,-24,27.75
0.065235,48,-24,27.75
0.040373,56,-24,27.75
0.137769,-80,-16,27.75
0.194376,-72,-16,27.75
0.175308,-64,-16,27.75
0.147874,-56,-16,27.75
0.0491583,-16,-16,27.75
-0.0614985,-8,-16,27.75
-0.121624,0,-16,27.75
-0.0608158,24,-16,27.75
0.0299633,32,-16,27.75
0.0669822,40,-16,27.75
0.102281,48,-16,27.75
0.0915979,56,-16,27.75
0.178024,-80,-8,27.75
0.215046,-72,-8,27.75
0.191495,-64,-8,27.75
0.156389,-56,-8,27.75
-0.0200324,0,-8,27.75
-0.0730019,8,-8,27.75
-0.0632498,16,-8,27.75
0.000149821,24,-8,27.75
0.0713454,32,-8,27.75
0.111301,40,-8,27.75
0.140532,48,-8,27.75
0.129876,56,-8,27.75
0.0499313,64,-8,27.75
0.205876,-80,0,27.75
0.219029,-72,0,27.75
0.196221,-64,0,27.75
0.177753,-56,0,27.75
0.157199,-48,0,27.75
0.0099056,8,0,27.75
0.0259502,16,0,27.75
0.0468183,24,0,27.75
0.0792383,32,0,27.75
0.12296,40,0,27.75
0.148826,48,0,27.75
0.142186,56,0,27.75
0.10703,64,0,27.75
0.215764,-88,8,27.75
0.212051,-80,8,27.75
0.22054,-72,8,27.75
0.203027,-64,8,27.75
0.198669,-56,8,27.75
0.138961,0,8,27.75
0.0321913,8,8,27.75
0.0599949,16,8,27.75
0.102317,24,8,27.75
0.119631,32,8,27.75
0.145751,40,8,27.75
0.155064,48,8,27.75
0.140883,56,8,27.75
0.120043,64,8,27.75
0.118154,-88,16,27.75
0.191875,-80,16,27.75
0.22243,-72,16,27.75
0.225045,-64,16,27.75
0.191474,-56,16,27.75
0.161192,-24,16,27.75
0.142216,-16,16,27.75
0.146999,-8,16,27.75
0.136944,0,16,27.75
0.153656,16,16,27.75
0.148162,24,16,27.75
0.146577,32,16,27.75
0.162783,40,16,27.75
0.158678,48,16,27.75
0.132933,56,16,27.75
0.0923897,64,16,27.75
0.178212,-80,24,27.75
0.219439,-72,24,27.75
0.228332,-64,24,27.75
0.206735,-56,24,27.75
0.194383,-32,24,27.75
0.183214,-24,24,27.75
0.129457,-16,24,27.75
0.128214,-8,24,27.75
0.130489,0,24,27.75
0.132424,8,24,27.75
0.168261,16,24,27.75
0.163656,24,24,27.75
0.157371,32,24,27.75
0.172266,40,24,27.75
0.162615,48,24,27.75
0.133627,56,24,27.75
0.0907939,64,24,27.75
0.0355394,-88,32,27.75
0.14505,-80,32,27.75
0.199767,-72,32,27.75
0.225124,-64,32,27.75
0.224117,-56,32,27.75
0.189611,-32,32,27.75
0.17678,-24,32,27.75
0.144288,-16,32,27.75
0.12724,-8,32,27.75
0.122684,0,32,27.75
0.141514,8,32,27.75
0.167313,16,32,27.75
0.170514,24,32,27.75
0.179706,32,32,27.75
0.187845,40,32,27.75
0.177928,48,32,27.75
0.154979,56,32,27.75
0.107027,-80,40,27.75
0.173917,-72,40,27.75
0.206479,-64,40,27.75
0.21501,-56,40,27.75
0.209355,-48,40,27.75
0.184239,-32,40,27.75
0.173671,-24,40,27.75
0.1506,-16,40,27.75
0.125228,-8,40,27.75
0.122622,0,40,27.75
0.140674,8,40,27.75
0.171464,16,40,27.75
0.196042,24,40,27.75
0.202986,32,40,27.75
0.211363,40,40,27.75
0.204346,48,40,27.75
0.173556,56,40,27.75
0.0891881,-80,48,27.75
0.163544,-72,48,27.75
0.196146,-64,48,27.75
0.213036,-56,48,27.75
0.200939,-48,48,27.75
0.203309,-40,48,27.75
0.203226,-32,48,27.75
0.186926,-24,48,27.75
0.159644,-16,48,27.75
0.127941,-8,48,27.75
0.122191,0,48,27.75
0.144248,8,48,27.75
0.185229,16,48,27.75
0.216663,24,48,27.75
0.218395,32,48,27.75
0.219966,40,48,27.75
0.213311,48,48,27.75
0.179419,56,48,27.75
0.122478,-80,56,27.75
0.180111,-72,56,27.75
0.198869,-64,56,27.75
0.214136,-56,56,27.75
0.214837,-48,56,27.75
0.219905,-40,56,27.75
0.22317,-32,56,27.75
0.113988,0,56,27.75
0.142729,8,56,27.75
0.191897,16,56,27.75
0.224976,24,56,27.75
0.215832,32,56,27.75
0.215544,40,56,27.75
0.203877,48,56,27.75
0.164991,56,56,27.75
0.100746,-80,64,27.75
0.170585,-72,64,27.75
0.200314,-64,64,27.75
0.211626,-56,64,27.75
0.219222,-48,64,27.75
0.226034,-40,64,27.75
0.234837,-32,64,27.75
0.112474,0,64,27.75
0.140052,8,64,27.75
0.193972,16,64,27.75
0.230256,24,64,27.75
0.221938,32,64,27.75
0.219104,40,64,27.75
0.203259,48,64,27.75
0.155177,56,64,27.75
0.179927,-72,72,27.75
0.198014,-64,72,27.75
0.203056,-56,72,27.75
0.211709,-48,72,27.75
0.215607,-40,72,27.75
0.222326,-32,72,27.75
0.131078,8,72,27.75
0.199365,16,72,27.75
0.235006,24,72,27.75
0.223546,32,72,27.75
0.212293,40,72,27.75
0.18569,48,72,27.75
0.169427,-72,80,27.75
0.179751,-64,80,27.75
0.185609,-56,80,27.75
0.191711,-48,80,27.75
0.19355,-40,80,27.75
0.186207,-32,80,27.75
0.136041,8,80,27.75
0.196053,16,80,27.75
0.227654,24,80,27.75
0.218549,32,80,27.75
0.20045,40,80,27.75
0.184126,48,80,27.75
0.171154,-64,88,27.75
0.170474,-56,88,27.75
0.175381,-48,88,27.75
0.171386,-40,88,27.75
0.149254,-32,88,27.75
0.1283,8,88,27.75
0.178643,16,88,27.75
0.209167,24,88,27.75
0.196433,32,88,27.75
0.166255,40,88,27.75
0.170696,-64,96,27.75
0.162078,-56,96,27.75
0.161176,-48,96,27.75
0.149838,-40,96,27.75
0.108693,-32,96,27.75
0.12562,8,96,27.75
0.16483,16,96,27.75
0.183164,24,96,27.75
0.147057,32,96,27.75
0.154105,-56,104,27.75
0.15762,-48,104,27.75
0.129853,-40,104,27.75
0.107793,8,104,27.75
0.118927,16,104,27.75
0.103606,24,104,27.75
0.0142906,-64,-88,35.75
0.08476,-56,-88,35.75
0.0197939,-64,-80,35.75
0.0723383,-56,-80,35.75
0.119693,-48,-80,35.75
0.0849392,-64,-72,35.75
0.0921478,-56,-72,35.75
0.110106,-48,-72,35.75
0.0930195,-40,-72,35.75
0.172803,40,-72,35.75
0.240781,48,-72,35.75
0.0791613,-64,-64,35.75
0.100741,-56,-64,35.75
0.107595,-48,-64,35.75
0.100748,-40,-64,35.75
0.0829574,-32,-64,35.75
0.0350807,32,-64,35.75
0.111141,40,-64,35.75
0.163919,48,-64,35.75
0.0952851,-72,-56,35.75
0.0920871,-64,-56,35.75
0.119198,-56,-56,35.75
0.135233,-48,-56,35.75
0.104884,-40,-56,35.75
0.0972485,-32,-56,35.75
-0.0226354,32,-56,35.75
0.054433,40,-56,35.75
0.10584,48,-56,35.75
0.0836216,-72,-48,35.75
0.100623,-64,-48,35.75
0.158076,-56,-48,35.75
0.190396,-48,-48,35.75
0.174374,-40,-48,35.75
0.108215,-32,-48,35.75
0.0126973,-24,-48,35.75
-0.00618625,32,-48,35.75
0.045256,40,-48,35.75
0.078468,48,-48,35.75
0.0589422,-80,-40,35.75
0.122748,-72,-40,35.75
0.134549,-64,-40,35.75
0.0183996,-24,-40,35.75
-0.0443581,32,-40,35.75
0.0250185,40,-40,35.75
0.0568861,48,-40,35.75
-0.00607853,56,-40,35.75
0.0965212,-88,-32,35.75
0.0745857,-80,-32,35.75
0.120016,-72,-32,35.75
0.112932,-64,-32,35.75
0.136025,-16,-32,35.75
0.0,-8,-32,35.75
0.0,0,-32,35.75
-0.27893,24,-32,35.75
-0.0920173,32,-32,35.75
-0.0101541,40,-32,35.75
0.0291828,48,-32,35.75
-0.00163563,56,-32,35.75
0.103393,-88,-24,35.75
0.127178,-80,-24,35.75
0.162125,-72,-24,35.75
0.140464,-64,-24,35.75
0.465251,-8,-24,35.75
0.0,0,-24,35.75
-0.0887866,24,-24,35.75
-0.0319324,32,-24,35.75
-0.0035427,40,-24,35.75
0.0467466,48,-24,35.75
0.03821,56,-24,35.75
0.119707,-88,-16,35.75
0.157684,-80,-16,35.75
0.185783,-72,-16,35.75
0.136555,-64,-16,35.75
-0.0332437,8,-16,35.75
-0.0634049,16,-16,35.75
-0.0426689,24,-16,35.75
0.0153591,32,-16,35.75
0.035528,40,-16,35.75
0.0987466,48,-16,35.75
0.102921,56,-16,35.75
0.00266981,64,-16,35.75
0.194812,-88,-8,35.75
0.206717,-80,-8,35.75
0.205378,-72,-8,35.75
0.121366,-64,-8,35.75
-0.0199225,16,-8,35.75
-0.00133649,24,-8,35.75
0.0618826,32,-8,35.75
0.0793379,40,-8,35.75
0.139338,48,-8,35.75
0.137598,56,-8,35.75
0.0664631,64,-8,35.75
0.187973,-88,0,35.75
0.209654,-80,0,35.75
0.183325,-72,0,35.75
0.0983383,-64,0,35.75
0.0777673,40,0,35.75
0.142761,48,0,35.75
0.147274,56,0,35.75
0.123081,64,0,35.75
0.196426,-88,8,35.75
0.201228,-80,8,35.75
0.163906,-72,8,35.75
0.0997813,-64,8,35.75
0.0947117,-56,8,35.75
0.105154,40,8,35.75
0.154488,48,8,35.75
0.147208,56,8,35.75
0.130044,64,8,35.75
0.14153,-88,16,35.75
0.198306,-80,16,35.75
0.186987,-72,16,35.75
0.158873,-64,16,35.75
0.0914647,32,16,35.75
0.121173,40,16,35.75
0.155422,48,16,35.75
0.141352,56,16,35.75
0.110849,64,16,35.75
0.113535,-88,24,35.75
0.17952,-80,24,35.75
0.18829,-72,24,35.75
0.187543,-64,24,35.75
0.230734,-32,24,35.75
0.119368,32,24,35.75
0.136086,40,24,35.75
0.153311,48,24,35.75
0.128905,56,24,35.75
0.0814854,64,24,35.75
0.0828123,-88,32,35.75
0.149381,-80,32,35.75
0.170917,-72,32,35.75
0.185999,-64,32,35.75
0.191108,-24,32,35.75
0.164757,-16,32,35.75
0.153512,-8,32,35.75
0.154062,0,32,35.75
0.19169,24,32,35.75
0.150163,32,32,35.75
0.159119,40,32,35.75
0.153567,48,32,35.75
0.12758,56,32,35.75
0.0851315,64,32,35.75
0.0431027,-88,40,35.75
0.121871,-80,40,35.75
0.159434,-72,40,35.75
0.188058,-64,40,35.75
0.178119,-56,40,35.75
0.172182,-24,40,35.75
0.165128,-16,40,35.75
0.144735,-8,40,35.75
0.15391,0,40,35.75
0.194726,8,40,35.75
0.223908,16,40,35.75
0.192124,24,40,35.75
0.178995,32,40,35.75
0.192616,40,40,35.75
0.183043,48,40,35.75
0.148507,56,40,35.75
0.0993039,64,40,35.75
0.0253374,-88,48,35.75
0.100703,-80,48,35.75
0.147326,-72,48,35.75
0.177857,-64,48,35.75
0.194491,-56,48,35.75
0.169496,-48,48,35.75
0.183044,-32,48,35.75
0.175912,-24,48,35.75
0.140368,-16,48,35.75
0.123022,-8,48,35.75
0.119649,0,48,35.75
0.139628,8,48,35.75
0.183722,16,48,35.75
0.204461,24,48,35.75
0.205684,32,48,35.75
0.204806,40,48,35.75
0.196128,48,48,35.75
0.162609,56,48,35.75
0.108064,64,48,35.75
0.124665,-80,56,35.75
0.16513,-72,56,35.75
0.183253,-64,56,35.75
0.200774,-56,56,35.75
0.191447,-48,56,35.75
0.198797,-40,56,35.75
0.204333,-32,56,35.75
0.19885,-24,56,35.75
0.104039,0,56,35.75
0.129208,8,56,35.75
0.181295,16,56,35.75
0.211937,24,56,35.75
0.211087,32,56,35.75
0.208216,40,56,35.75
0.196233,48,56,35.75
0.154887,56,56,35.75
0.133126,-80,64,35.75
0.172254,-72,64,35.75
0.192731,-64,64,35.75
0.209409,-56,64,35.75
0.208984,-48,64,35.75
0.215601,-40,64,35.75
0.229447,-32,64,35.75
0.0875512,0,64,35.75
0.12155,8,64,35.75
0.178261,16,64,35.75
0.216943,24,64,35.75
0.217788,32,64,35.75
0.213647,40,64,35.75
0.20173,48,64,35.75
0.16668,56,64,35.75
0.12603,-80,72,35.75
0.178177,-72,72,35.75
0.193392,-64,72,35.75
0.204465,-56,72,35.75
0.20714,-48,72,35.75
0.204617,-40,72,35.75
0.10515,0,72,35.75
0.12177,8,72,35.75
0.184015,16,72,35.75
0.223814,24,72,35.75
0.228442,32,72,35.75
0.215902,40,72,35.75
0.196747,48,72,35.75
0.16365,56,72,35.75
0.143265,-72,80,35.75
0.166934,-64,80,35.75
0.183925,-56,80,35.75
0.185706,-48,80,35.75
0.181159,-40,80,35.75
0.156652,-32,80,35.75
0.120542,8,80,35.75
0.176129,16,80,35.75
0.218178,24,80,35.75
0.226025,32,80,35.75
0.202172,40,80,35.75
0.173384,48,80,35.75
0.132442,-72,88,35.75
0.149802,-64,88,35.75
0.158664,-56,88,35.75
0.157643,-48,88,35.75
0.145777,-40,88,35.75
0.101607,-32,88,35.75
0.129042,8,88,35.75
0.174178,16,88,35.75
0.214017,24,88,35.75
0.213005,32,88,35.75
0.173746,40,88,35.75
0.141468,-64,96,35.75
0.141163,-56,96,35.75
0.135551,-48,96,35.75
0.11503,-40,96,35.75
0.0473896,-32,96,35.75
0.124634,8,96,35.75
0.163103,16,96,35.75
0.194295,24,96,35.75
0.167989,32,96,35.75
0.122959,-56,104,35.75
0.118354,-48,104,35.75
0.0745862,-40,104,35.75
0.134877,8,104,35.75
0.156092,16,104,35.75
0.149565,24,104,35.75
0.0577594,32,104,35.75
0.0825132,-48,112,35.75
0.0532277,-64,-88,43.75
0.0930766,-56,-88,43.75
0.164731,-48,-88,43.75
0.0525851,-64,-80,43.75
0.0927537,-56,-80,43.75
0.147724,-48,-80,43.75
0.0421258,-40,-80,43.75
0.239629,40,-80,43.75
0.118238,-64,-72,43.75
0.133614,-56,-72,43.75
0.0640275,32,-72,43.75
0.120655,40,-72,43.75
0.186227,48,-72,43.75
0.0287511,-72,-64,43.75
0.113735,-64,-64,43.75
-0.059733,24,-64,43.75
-0.0167331,32,-64,43.75
0.0665584,40,-64,43.75
0.122155,48,-64,43.75
0.0511551,-80,-56,43.75
0.103004,-72,-56,43.75
-0.149178,24,-56,43.75
-0.0769815,32,-56,43.75
0.0265959,40,-56,43.75
0.0735046,48,-56,43.75
0.00779252,40,-48,43.75
0.0193432,48,-48,43.75
-0.0756087,56,-48,43.75
0.0131742,48,-40,43.75
-0.0135225,56,-40,43.75
-0.0198379,-88,-32,43.75
-0.0141746,56,-32,43.75
0.0562992,-88,-24,43.75
0.0595579,56,-24,43.75
-0.0679937,64,-24,43.75
0.0687065,-88,-16,43.75
0.139484,56,-16,43.75
0.0426561,64,-16,43.75
0.225242,-96,-8,43.75
0.127094,-88,-8,43.75
0.155192,56,-8,43.75
0.103171,64,-8,43.75
0.178567,-96,0,43.75
0.161693,56,0,43.75
0.154741,64,0,43.75
0.0977936,-96,8,43.75
0.174564,56,8,43.75
0.170013,64,8,43.75
-0.0131409,-96,16,43.75
0.181227,-88,16,43.75
0.154984,48,16,43.75
0.167162,56,16,43.75
0.154716,64,16,43.75
-0.0600845,-96,24,43.75
0.113998,-88,24,43.75
0.102276,-72,24,43.75
0.172023,48,24,43.75
0.164062,56,24,43.75
0.121628,64,24,43.75
0.0931563,-88,32,43.75
0.111236,-72,32,43.75
0.156103,48,32,43.75
0.135942,56,32,43.75
0.0916522,64,32,43.75
0.0836662,-88,40,43.75
0.136479,-80,40,43.75
0.14817,-72,40,43.75
0.153725,-64,40,43.75
0.115575,-8,40,43.75
0.160946,40,40,43.75
0.158567,48,40,43.75
0.134512,56,40,43.75
0.0883054,64,40,43.75
0.0851835,-88,48,43.75
0.116911,-80,48,43.75
0.146601,-72,48,43.75
0.175328,-64,48,43.75
0.181982,-56,48,43.75
0.165689,-24,48,43.75
0.091585,-16,48,43.75
0.117114,-8,48,43.75
0.127524,0,48,43.75
0.144926,8,48,43.75
0.182398,32,48,43.75
0.17371,40,48,43.75
0.166778,48,48,43.75
0.140515,56,48,43.75
0.0917171,64,48,43.75
0.113868,-88,56,43.75
0.126924,-80,56,43.75
0.155106,-72,56,43.75
0.172894,-64,56,43.75
0.189439,-56,56,43.75
0.171587,-48,56,43.75
0.16802,-32,56,43.75
0.0853871,0,56,43.75
0.118414,8,56,43.75
0.168984,16,56,43.75
0.188721,24,56,43.75
0.192644,32,56,43.75
0.176254,40,56,43.75
0.17017,48,56,43.75
0.134998,56,56,43.75
0.0755277,64,56,43.75
0.135717,-80,64,43.75
0.16441,-72,64,43.75
0.184987,-64,64,43.75
0.205058,-56,64,43.75
0.203261,-48,64,43.75
0.200354,-40,64,43.75
0.20173,-32,64,43.75
0.0668885,0,64,43.75
0.113234,8,64,43.75
0.166752,16,64,43.75
0.199877,24,64,43.75
0.199172,32,64,43.75
0.187703,40,64,43.75
0.182561,48,64,43.75
0.153821,56,64,43.75
0.0964687,64,64,43.75
0.13897,-80,72,43.75
0.174298,-72,72,43.75
0.187178,-64,72,43.75
0.200638,-56,72,43.75
0.200388,-48,72,43.75
0.190462,-40,72,43.75
0.109962,0,72,43.75
0.111559,8,72,43.75
0.169217,16,72,43.75
0.207088,24,72,43.75
0.218612,32,72,43.75
0.204917,40,72,43.75
0.193836,48,72,43.75
0.169792,56,72,43.75
0.147619,-72,80,43.75
0.162944,-64,80,43.75
0.179256,-56,80,43.75
0.176526,-48,80,43.75
0.160917,-40,80,43.75
0.115195,-32,80,43.75
0.11265,0,80,43.75
0.109436,8,80,43.75
0.167975,16,80,43.75
0.212289,24,80,43.75
0.226054,32,80,43.75
0.204553,40,80,43.75
0.181366,48,80,43.75
0.160557,56,80,43.75
0.128898,-72,88,43.75
0.132705,-64,88,43.75
0.143386,-56,88,43.75
0.140153,-48,88,43.75
0.125596,-40,88,43.75
0.0884022,-32,88,43.75
0.136769,0,88,43.75
0.115195,8,88,43.75
0.167707,16,88,43.75
0.204893,24,88,43.75
0.210931,32,88,43.75
0.177912,40,88,43.75
0.132174,48,88,43.75
0.109364,-64,96,43.75
0.113659,-56,96,43.75
0.108947,-48,96,43.75
0.088218,-40,96,43.75
0.0283588,-32,96,43.75
0.115702,8,96,43.75
0.162012,16,96,43.75
0.190188,24,96,43.75
0.164693,32,96,43.75
0.113073,40,96,43.75
0.0865244,-56,104,43.75
0.0815759,-48,104,43.75
0.038251,-40,104,43.75
-0.0872713,-32,104,43.75
0.145317,8,104,43.75
0.171938,16,104,43.75
0.144128,24,104,43.75
0.0553278,32,104,43.75
0.0508852,-48,112,43.75
-0.0276764,-40,112,43.75
0.0,-48,-96,51.75
0.158336,-64,-88,51.75
0.194609,-56,-88,51.75
0.0,32,-88,51.75
0.176362,-64,-80,51.75
0.0,24,-80,51.75
0.0636055,32,-80,51.75
0.124921,40,-80,51.75
0.129685,-72,-72,51.75
-0.040676,32,-72,51.75
0.0316168,40,-72,51.75
0.124817,48,-72,51.75
0.0,-80,-64,51.75
0.0865686,48,-64,51.75
0.0318102,48,-56,51.75
-0.112601,56,-56,51.75
-0.103326,56,-48,51.75
0.0451012,56,-40,51.75
0.0411015,64,-32,51.75
0.0761306,64,-24,51.75
0.189106,64,-16,51.75
0.186356,64,-8,51.75
0.0481753,72,-8,51.75
0.104199,64,0,51.75
0.101337,72,0,51.75
0.0876113,64,8,51.75
0.151404,72,8,51.75
0.0487885,-96,16,51.75
0.158729,64,16,51.75
0.13395,72,16,51.75
0.0206293,-96,24,51.75
0.182424,64,24,51.75
0.115278,72,24,51.75
0.0654512,-96,32,51.75
0.168109,56,32,51.75
0.152116,64,32,51.75
0.0939277,72,32,51.75
0.114811,-96,40,51.75
0.145926,56,40,51.75
0.119592,64,40,51.75
0.0681759,72,40,51.75
0.178381,-96,48,51.75
0.140194,-88,48,51.75
0.136918,-80,48,51.75
0.144228,48,48,51.75
0.128518,56,48,51.75
0.0888938,64,48,51.75
0.123741,-88,56,51.75
0.120594,-80,56,51.75
0.133584,-72,56,51.75
0.138234,-64,56,51.75
0.135021,40,56,51.75
0.138239,48,56,51.75
0.122653,56,56,51.75
0.0858865,64,56,51.75
0.154703,-88,64,51.75
0.144348,-80,64,51.75
0.153656,-72,64,51.75
0.166095,-64,64,51.75
0.181101,-56,64,51.75
0.177884,-48,64,51.75
0.17408,-40,64,51.75
0.163411,-32,64,51.75
0.0435348,0,64,51.75
0.0956744,8,64,51.75
0.152519,16,64,51.75
0.177897,24,64,51.75
0.168761,32,64,51.75
0.150166,40,64,51.75
0.140416,48,64,51.75
0.137892,56,64,51.75
0.113807,64,64,51.75
0.164846,-80,72,51.75
0.170471,-72,72,51.75
0.17491,-64,72,51.75
0.181992,-56,72,51.75
0.180855,-48,72,51.75
0.167881,-40,72,51.75
0.132906,0,72,51.75
0.109998,8,72,51.75
0.158789,16,72,51.75
0.183047,24,72,51.75
0.197764,32,72,51.75
0.181468,40,72,51.75
0.171337,48,72,51.75
0.169118,56,72,51.75
0.134898,-80,80,51.75
0.147082,-72,80,51.75
0.157507,-64,80,51.75
0.169606,-56,80,51.75
0.165223,-48,80,51.75
0.140752,-40,80,51.75
0.108091,0,80,51.75
0.10604,8,80,51.75
0.160004,16,80,51.75
0.198934,24,80,51.75
0.218731,32,80,51.75
0.196396,40,80,51.75
0.178616,48,80,51.75
0.173735,56,80,51.75
0.114816,-72,88,51.75
0.119162,-64,88,51.75
0.135288,-56,88,51.75
0.132105,-48,88,51.75
0.105908,-40,88,51.75
0.116892,0,88,51.75
0.121613,8,88,51.75
0.169223,16,88,51.75
0.197788,24,88,51.75
0.21049,32,88,51.75
0.183451,40,88,51.75
0.151261,48,88,51.75
0.0736283,-64,96,51.75
0.0952902,-56,96,51.75
0.0926495,-48,96,51.75
0.0601645,-40,96,51.75
0.0961011,0,96,51.75
0.132324,8,96,51.75
0.175158,16,96,51.75
0.193242,24,96,51.75
0.173854,32,96,51.75
0.139338,40,96,51.75
0.110021,48,96,51.75
0.0100194,-64,104,51.75
0.044017,-56,104,51.75
0.045271,-48,104,51.75
-0.00611753,-40,104,51.75
0.124032,0,104,51.75
0.183475,8,104,51.75
0.206983,16,104,51.75
0.179655,24,104,51.75
0.111752,32,104,51.75
-0.00830221,-48,112,51.75
-0.0930928,-40,112,51.75
0.175867,72,16,59.75
0.115254,72,24,59.75
0.0,-104,32,59.75
0.169416,72,32,59.75
0.344383,-104,40,59.75
0.0874642,-96,40,59.75
0.108935,64,40,59.75
0.149643,72,40,59.75
0.166114,-96,48,59.75
0.111293,56,48,59.75
0.106525,64,48,59.75
0.116728,72,48,59.75
0.123051,-96,56,59.75
0.098394,-88,56,59.75
0.0964381,-80,56,59.75
0.117929,48,56,59.75
0.103476,56,56,59.75
0.0941543,64,56,59.75
0.141399,-88,64,59.75
0.114694,-80,64,59.75
0.130514,-72,64,59.75
0.147656,-64,64,59.75
0.164041,-56,64,59.75
0.152913,-48,64,59.75
0.171187,-40,64,59.75
0.139647,-32,64,59.75
0.0754383,48,64,59.75
0.0922558,56,64,59.75
0.0994245,64,64,59.75
0.148406,-88,72,59.75
0.145393,-80,72,59.75
0.154406,-72,72,59.75
0.157988,-64,72,59.75
0.163331,-56,72,59.75
0.161975,-48,72,59.75
0.141689,-40,72,59.75
0.147515,24,72,59.75
0.151342,32,72,59.75
0.136733,40,72,59.75
0.122906,48,72,59.75
0.135848,56,72,59.75
0.150932,64,72,59.75
0.12682,-80,80,59.75
0.14001,-72,80,59.75
0.151709,-64,80,59.75
0.157458,-56,80,59.75
0.154582,-48,80,59.75
0.123407,-40,80,59.75
0.0721178,8,80,59.75
0.131979,16,80,59.75
0.173881,24,80,59.75
0.199049,32,80,59.75
0.180059,40,80,59.75
0.159012,48,80,59.75
0.158944,56,80,59.75
0.0753262,-80,88,59.75
0.0951325,-72,88,59.75
0.110469,-64,88,59.75
0.124969,-56,88,59.75
0.128458,-48,88,59.75
0.093291,-40,88,59.75
0.107554,0,88,59.75
0.107396,8,88,59.75
0.156464,16,88,59.75
0.186934,24,88,59.75
0.204219,32,88,59.75
0.183118,40,88,59.75
0.157423,48,88,59.75
0.16992,56,88,59.75
0.0297489,-72,96,59.75
0.0599487,-64,96,59.75
0.0819746,-56,96,59.75
0.0861543,-48,96,59.75
0.0499116,-40,96,59.75
0.105887,0,96,59.75
0.130007,8,96,59.75
0.170498,16,96,59.75
0.183962,24,96,59.75
0.173711,32,96,59.75
0.146934,40,96,59.75
0.122273,48,96,59.75
-0.0161352,-64,104,59.75
0.0277582,-56,104,59.75
0.0354068,-48,104,59.75
-0.0138625,-40,104,59.75
0.135442,0,104,59.75
0.179835,8,104,59.75
0.196582,16,104,59.75
0.165948,24,104,59.75
0.117872,32,104,59.75
0.067196,40,104,59.75
-0.0607423,-56,112,59.75
-0.0473613,-48,112,59.75
-0.113159,-40,112,59.75
0.105978,72,48,67.75
0.0,-104,56,67.75
0.0636273,64,56,67.75
0.0906247,72,56,67.75
0.0220335,56,64,67.75
0.063284,64,64,67.75
0.0854566,72,64,67.75
0.103616,-96,72,67.75
0.0778669,-88,72,67.75
0.0982469,-80,72,67.75
0.112154,-72,72,67.75
0.122325,-64,72,67.75
0.125072,-56,72,67.75
0.124196,-48,72,67.75
0.110417,-40,72,67.75
0.0880652,56,72,67.75
0.106825,64,72,67.75
0.187486,-96,80,67.75
0.123314,-88,80,67.75
0.096983,-80,80,67.75
0.115753,-72,80,67.75
0.129429,-64,80,67.75
0.138162,-56,80,67.75
0.132845,-48,80,67.75
0.10839,-40,80,67.75
0.166024,32,80,67.75
0.156486,40,80,67.75
0.136596,48,80,67.75
0.137352,56,80,67.75
0.152382,64,80,67.75
0.0348081,-88,88,67.75
0.0462135,-80,88,67.75
0.0783989,-72,88,67.75
0.106969,-64,88,67.75
0.121276,-56,88,67.75
0.143766,-48,88,67.75
0.135956,-40,88,67.75
0.152017,16,88,67.75
0.188259,24,88,67.75
0.201184,32,88,67.75
0.180474,40,88,67.75
0.146711,48,88,67.75
0.156078,56,88,67.75
-0.0535906,-80,96,67.75
0.0214479,-72,96,67.75
0.0550942,-64,96,67.75
0.0798239,-56,96,67.75
0.0993828,-48,96,67.75
0.0996486,-40,96,67.75
0.103478,0,96,67.75
0.120386,8,96,67.75
0.16304,16,96,67.75
0.174811,24,96,67.75
0.155804,32,96,67.75
0.135077,40,96,67.75
0.112683,48,96,67.75
0.124444,56,96,67.75
-0.110786,-72,104,67.75
-0.0291766,-64,104,67.75
0.0192729,-56,104,67.75
0.045638,-48,104,67.75
0.0457843,-40,104,67.75
0.128164,0,104,67.75
0.161972,8,104,67.75
0.185737,16,104,67.75
0.154789,24,104,67.75
0.0970233,32,104,67.75
0.0565336,40,104,67.75
-0.194703,-64,112,67.75
-0.10892,-56,112,67.75
-0.0680663,-48,112,67.75
-0.0915751,-40,112,67.75
0.140793,8,112,67.75
0.0,80,40,75.75
0.0,80,48,75.75
-0.0220382,72,56,75.75
-0.0731092,80,56,75.75
0.0249774,72,64,75.75
0.0155837,64,72,75.75
0.0783707,72,72,75.75
0.0914069,-80,80,75.75
0.114262,-56,80,75.75
0.0790308,-48,80,75.75
0.153307,64,80,75.75
0.0,-96,88,75.75
0.0154793,-88,88,75.75
0.00714745,-80,88,75.75
0.0642809,-72,88,75.75
0.0905292,-64,88,75.75
0.107086,-56,88,75.75
0.130229,-48,88,75.75
0.115731,-40,88,75.75
0.25227,32,88,75.75
0.239097,40,88,75.75
0.174868,48,88,75.75
0.199007,56,88,75.75
0.232254,64,88,75.75
-0.0641063,-80,96,75.75
-0.0122194,-72,96,75.75
0.0230838,-64,96,75.75
0.0596992,-56,96,75.75
0.0771486,-48,96,75.75
0.0794677,-40,96,75.75
0.0579732,0,96,75.75
0.184218,24,96,75.75
0.177898,32,96,75.75
0.182343,40,96,75.75
0.166122,48,96,75.75
0.191986,56,96,75.75
-0.143023,-72,104,75.75
-0.082633,-64,104,75.75
-0.0219765,-56,104,75.75
-0.00363928,-48,104,75.75
-0.00881967,-40,104,75.75
0.0746126,0,104,75.75
0.113884,8,104,75.75
0.157952,16,104,75.75
0.164778,24,104,75.75
0.110934,32,104,75.75
0.0967528,40,104,75.75
0.0668195,48,104,75.75
-0.223444,-64,112,75.75
-0.146216,-56,112,75.75
-0.111179,-48,112,75.75
-0.140565,-40,112,75.75
0.119897,0,112,75.75
0.118005,8,112,75.75
0.117635,16,112,75.75
0.0609584,24,112,75.75
-0.0651508,32,112,75.75
-0.0820838,40,112,75.75
