Specific Ventilation,x,y,z
0,1.2558,4.38714,-9.57343
0.316806,0.73391,4.38714,-9.05154
0,1.2558,4.38714,-9.05154
-0.0332116,3.34336,4.38714,-9.05154
0,-0.309872,4.90903,-9.05154
0.65725,0.212019,4.90903,-9.05154
0.916836,0.73391,4.90903,-9.05154
-0.0512968,2.29958,3.34336,-8.52965
-0.0608829,2.82147,3.34336,-8.52965
-0.0253266,3.34336,3.34336,-8.52965
-0.042051,2.82147,3.86525,-8.52965
-0.00457457,3.34336,3.86525,-8.52965
-0.00741317,3.86525,3.86525,-8.52965
0.114504,-0.309872,4.38714,-8.52965
0.21823,0.212019,4.38714,-8.52965
0.477071,0.73391,4.38714,-8.52965
0.694324,1.2558,4.38714,-8.52965
0.0319005,3.34336,4.38714,-8.52965
0.0146441,3.86525,4.38714,-8.52965
0.668931,-0.309872,4.90903,-8.52965
0.861488,0.212019,4.90903,-8.52965
1.17858,0.73391,4.90903,-8.52965
0,3.86525,4.90903,-8.52965
0.00519001,2.29958,2.82147,-8.00776
-0.0325632,2.82147,2.82147,-8.00776
-0.0194261,3.34336,2.82147,-8.00776
0.12828,1.77769,3.34336,-8.00776
0.0653507,2.29958,3.34336,-8.00776
-0.00610175,2.82147,3.34336,-8.00776
0.0170546,3.34336,3.34336,-8.00776
0.0358466,3.86525,3.34336,-8.00776
0.324523,1.2558,3.86525,-8.00776
0.297707,1.77769,3.86525,-8.00776
0.0060781,2.82147,3.86525,-8.00776
0.0439567,3.34336,3.86525,-8.00776
0.0813584,3.86525,3.86525,-8.00776
0.283911,-0.309872,4.38714,-8.00776
0.434775,0.212019,4.38714,-8.00776
0.675649,0.73391,4.38714,-8.00776
0.868685,1.2558,4.38714,-8.00776
0.138012,3.86525,4.38714,-8.00776
0.799125,-0.309872,4.90903,-8.00776
0.175864,3.86525,4.90903,-8.00776
0,3.86525,5.43092,-8.00776
-0.0161589,2.82147,2.29958,-7.48586
-0.0301123,3.34336,2.29958,-7.48586
0.07319,2.29958,2.82147,-7.48586
0.0187768,2.82147,2.82147,-7.48586
0.0215035,3.34336,2.82147,-7.48586
0.0577529,3.86525,2.82147,-7.48586
0,-3.44121,3.34336,-7.48586
0.238655,1.77769,3.34336,-7.48586
0.137401,2.29958,3.34336,-7.48586
0.0484361,2.82147,3.34336,-7.48586
0.0712917,3.34336,3.34336,-7.48586
0.109155,3.86525,3.34336,-7.48586
0,-3.44121,3.86525,-7.48586
0.250034,0.73391,3.86525,-7.48586
0.47947,1.2558,3.86525,-7.48586
0.403797,1.77769,3.86525,-7.48586
0.117157,3.34336,3.86525,-7.48586
0.164631,3.86525,3.86525,-7.48586
0.232028,4.38714,3.86525,-7.48586
0,-3.9631,4.38714,-7.48586
0.419028,-0.831762,4.38714,-7.48586
0.489386,-0.309872,4.38714,-7.48586
0.627264,0.212019,4.38714,-7.48586
0.916897,0.73391,4.38714,-7.48586
0.208488,3.86525,4.38714,-7.48586
0.286983,4.38714,4.38714,-7.48586
0.784774,-0.831762,4.90903,-7.48586
0.878131,-0.309872,4.90903,-7.48586
0.0770399,2.29958,2.29958,-6.96397
0.0309636,2.82147,2.29958,-6.96397
0.0104102,3.34336,2.29958,-6.96397
0.139201,2.29958,2.82147,-6.96397
0.0655343,2.82147,2.82147,-6.96397
0.0615267,3.34336,2.82147,-6.96397
0.0808417,3.86525,2.82147,-6.96397
0.293944,-3.9631,3.34336,-6.96397
0.325187,-3.44121,3.34336,-6.96397
0.365856,1.2558,3.34336,-6.96397
0.291486,1.77769,3.34336,-6.96397
0.188913,2.29958,3.34336,-6.96397
0.103234,2.82147,3.34336,-6.96397
0.128806,3.34336,3.34336,-6.96397
0.156967,3.86525,3.34336,-6.96397
0.204722,4.38714,3.34336,-6.96397
0.351213,-3.9631,3.86525,-6.96397
0.386119,-3.44121,3.86525,-6.96397
0.480177,0.73391,3.86525,-6.96397
0.541662,1.2558,3.86525,-6.96397
0.193681,3.34336,3.86525,-6.96397
0.24141,3.86525,3.86525,-6.96397
0.29917,4.38714,3.86525,-6.96397
0.391335,-3.9631,4.38714,-6.96397
0.572837,-0.831762,4.38714,-6.96397
0.64261,-0.309872,4.38714,-6.96397
0.837568,0.212019,4.38714,-6.96397
0.739432,0.73391,4.38714,-6.96397
0.279426,3.86525,4.38714,-6.96397
0.353791,4.38714,4.38714,-6.96397
0.388584,-3.9631,4.90903,-6.96397
1.04573,-0.831762,4.90903,-6.96397
0.336768,4.38714,4.90903,-6.96397
0,4.38714,5.43092,-6.96397
0.0184347,2.82147,1.77769,-6.44208
-0.00960786,3.34336,1.77769,-6.44208
0.12198,2.29958,2.29958,-6.44208
0.0637305,2.82147,2.29958,-6.44208
0.0406663,3.34336,2.29958,-6.44208
0.0231988,3.86525,2.29958,-6.44208
0.239623,-3.44121,2.82147,-6.44208
0.236571,1.77769,2.82147,-6.44208
0.178186,2.29958,2.82147,-6.44208
0.0916566,2.82147,2.82147,-6.44208
0.0954744,3.34336,2.82147,-6.44208
0.100367,3.86525,2.82147,-6.44208
0.122924,4.38714,2.82147,-6.44208
0.295229,-3.9631,3.34336,-6.44208
0.258804,-3.44121,3.34336,-6.44208
0.267578,-2.91932,3.34336,-6.44208
0.479445,0.73391,3.34336,-6.44208
0.430556,1.2558,3.34336,-6.44208
0.321079,1.77769,3.34336,-6.44208
0.220249,2.29958,3.34336,-6.44208
0.172044,3.34336,3.34336,-6.44208
0.19677,3.86525,3.34336,-6.44208
0.226082,4.38714,3.34336,-6.44208
0.260766,4.90903,3.34336,-6.44208
0.339628,-3.9631,3.86525,-6.44208
0.312958,-3.44121,3.86525,-6.44208
0.284203,-1.35365,3.86525,-6.44208
0.427737,-0.831762,3.86525,-6.44208
0.396468,0.212019,3.86525,-6.44208
0.55741,0.73391,3.86525,-6.44208
0.539023,1.2558,3.86525,-6.44208
0.307107,3.86525,3.86525,-6.44208
0.343613,4.38714,3.86525,-6.44208
0.367175,4.90903,3.86525,-6.44208
0.364369,-4.48499,4.38714,-6.44208
0.416006,-3.9631,4.38714,-6.44208
0.58059,-1.35365,4.38714,-6.44208
0.769299,-0.831762,4.38714,-6.44208
0.655058,-0.309872,4.38714,-6.44208
0.331955,3.86525,4.38714,-6.44208
0.408976,4.38714,4.38714,-6.44208
0.459551,-3.9631,4.90903,-6.44208
0.385157,4.38714,4.90903,-6.44208
0.378035,-3.9631,5.43092,-6.44208
0,4.38714,5.43092,-6.44208
0.0422716,2.82147,1.77769,-5.92019
0.0310995,3.34336,1.77769,-5.92019
-0.0095503,3.86525,1.77769,-5.92019
0.13895,2.29958,2.29958,-5.92019
0.0816279,2.82147,2.29958,-5.92019
0.0744025,3.34336,2.29958,-5.92019
0.0681336,3.86525,2.29958,-5.92019
0.0586018,4.38714,2.29958,-5.92019
0.237352,-3.9631,2.82147,-5.92019
0.174686,-3.44121,2.82147,-5.92019
0.374908,1.2558,2.82147,-5.92019
0.267527,1.77769,2.82147,-5.92019
0.18117,2.29958,2.82147,-5.92019
0.106997,2.82147,2.82147,-5.92019
0.113249,3.34336,2.82147,-5.92019
0.134863,3.86525,2.82147,-5.92019
0.142959,4.38714,2.82147,-5.92019
0.253484,-3.9631,3.34336,-5.92019
0.197261,-3.44121,3.34336,-5.92019
0.466625,0.73391,3.34336,-5.92019
0.422822,1.2558,3.34336,-5.92019
0.309947,1.77769,3.34336,-5.92019
0.15431,3.34336,3.34336,-5.92019
0.214895,3.86525,3.34336,-5.92019
0.243863,4.38714,3.34336,-5.92019
0.285734,4.90903,3.34336,-5.92019
0.291121,-4.48499,3.86525,-5.92019
0.299644,-3.9631,3.86525,-5.92019
0.259054,-3.44121,3.86525,-5.92019
0.357984,-1.87554,3.86525,-5.92019
0.427626,-1.35365,3.86525,-5.92019
0.572174,-0.831762,3.86525,-5.92019
0.380631,-0.309872,3.86525,-5.92019
0.493825,0.73391,3.86525,-5.92019
0.447019,1.2558,3.86525,-5.92019
0.304968,1.77769,3.86525,-5.92019
0.292717,3.86525,3.86525,-5.92019
0.341462,4.38714,3.86525,-5.92019
0.370612,4.90903,3.86525,-5.92019
0.375543,-4.48499,4.38714,-5.92019
0.376279,-3.9631,4.38714,-5.92019
0.73721,-1.35365,4.38714,-5.92019
0.979927,-0.831762,4.38714,-5.92019
0.37809,4.38714,4.38714,-5.92019
0.422532,4.90903,4.38714,-5.92019
0.431329,-4.48499,4.90903,-5.92019
0.434602,-3.9631,4.90903,-5.92019
0.358054,4.90903,4.90903,-5.92019
0.426785,-3.9631,5.43092,-5.92019
0.244885,-3.9631,5.95281,-5.92019
0.0261659,2.82147,1.2558,-5.3983
0.0236163,3.34336,1.2558,-5.3983
0.207679,-2.91932,1.77769,-5.3983
0.0786907,2.29958,1.77769,-5.3983
0.0682942,2.82147,1.77769,-5.3983
0.0587437,3.34336,1.77769,-5.3983
0.0326946,3.86525,1.77769,-5.3983
-0.00463971,4.38714,1.77769,-5.3983
0.17659,-3.44121,2.29958,-5.3983
0.133596,-2.91932,2.29958,-5.3983
0.209545,1.77769,2.29958,-5.3983
0.157204,2.29958,2.29958,-5.3983
0.092439,2.82147,2.29958,-5.3983
0.0846941,3.34336,2.29958,-5.3983
0.0825094,3.86525,2.29958,-5.3983
0.0583595,4.38714,2.29958,-5.3983
0.205361,-3.9631,2.82147,-5.3983
0.151291,-3.44121,2.82147,-5.3983
0.129422,-2.91932,2.82147,-5.3983
0.39852,0.73391,2.82147,-5.3983
0.402365,1.2558,2.82147,-5.3983
0.277407,1.77769,2.82147,-5.3983
0.185913,2.29958,2.82147,-5.3983
0.113239,2.82147,2.82147,-5.3983
0.117034,3.34336,2.82147,-5.3983
0.141806,3.86525,2.82147,-5.3983
0.140527,4.38714,2.82147,-5.3983
0.104499,4.90903,2.82147,-5.3983
0.267569,-4.48499,3.34336,-5.3983
0.210715,-3.9631,3.34336,-5.3983
0.155005,-3.44121,3.34336,-5.3983
0.158728,-2.91932,3.34336,-5.3983
0.368776,-1.87554,3.34336,-5.3983
0.403618,0.73391,3.34336,-5.3983
0.417976,1.2558,3.34336,-5.3983
0.314266,1.77769,3.34336,-5.3983
0.150303,3.34336,3.34336,-5.3983
0.204362,3.86525,3.34336,-5.3983
0.228889,4.38714,3.34336,-5.3983
0.232871,4.90903,3.34336,-5.3983
0.290764,-4.48499,3.86525,-5.3983
0.260575,-3.9631,3.86525,-5.3983
0.212562,-3.44121,3.86525,-5.3983
0.222911,-2.91932,3.86525,-5.3983
0.308221,-2.39743,3.86525,-5.3983
0.452215,-1.87554,3.86525,-5.3983
0.59096,-1.35365,3.86525,-5.3983
0.561209,-0.831762,3.86525,-5.3983
0.410995,0.73391,3.86525,-5.3983
0.419527,1.2558,3.86525,-5.3983
0.348289,1.77769,3.86525,-5.3983
0.249052,3.86525,3.86525,-5.3983
0.30966,4.38714,3.86525,-5.3983
0.315827,4.90903,3.86525,-5.3983
0.355423,-4.48499,4.38714,-5.3983
0.328419,-3.9631,4.38714,-5.3983
0.281938,-3.44121,4.38714,-5.3983
0.818223,-1.35365,4.38714,-5.3983
0.338454,4.90903,4.38714,-5.3983
0.409476,-4.48499,4.90903,-5.3983
0.395115,-3.9631,4.90903,-5.3983
0.36043,-3.44121,4.90903,-5.3983
0.276081,4.90903,4.90903,-5.3983
0.401648,-4.48499,5.43092,-5.3983
0.41938,-3.9631,5.43092,-5.3983
0.305131,-3.9631,5.95281,-5.3983
0.00315552,3.34336,0.73391,-4.87641
0.0178559,2.29958,1.2558,-4.87641
0.0408497,2.82147,1.2558,-4.87641
0.0325257,3.34336,1.2558,-4.87641
0.00230671,3.86525,1.2558,-4.87641
0.216445,-3.44121,1.77769,-4.87641
0.186854,-2.91932,1.77769,-4.87641
0.192402,-2.39743,1.77769,-4.87641
0.1,2.29958,1.77769,-4.87641
0.0789953,2.82147,1.77769,-4.87641
0.074453,3.34336,1.77769,-4.87641
0.0481667,3.86525,1.77769,-4.87641
0.00377973,4.38714,1.77769,-4.87641
0.224243,-3.9631,2.29958,-4.87641
0.172757,-3.44121,2.29958,-4.87641
0.138251,-2.91932,2.29958,-4.87641
0.334502,1.2558,2.29958,-4.87641
0.231035,1.77769,2.29958,-4.87641
0.161633,2.29958,2.29958,-4.87641
0.104428,2.82147,2.29958,-4.87641
0.100235,3.34336,2.29958,-4.87641
0.088802,3.86525,2.29958,-4.87641
0.0511943,4.38714,2.29958,-4.87641
0.0119674,4.90903,2.29958,-4.87641
0.200878,-3.9631,2.82147,-4.87641
0.15007,-3.44121,2.82147,-4.87641
0.147577,-2.91932,2.82147,-4.87641
0.230648,-2.39743,2.82147,-4.87641
0.355159,0.73391,2.82147,-4.87641
0.386176,1.2558,2.82147,-4.87641
0.272613,1.77769,2.82147,-4.87641
0.195067,2.29958,2.82147,-4.87641
0.128441,2.82147,2.82147,-4.87641
0.130866,3.34336,2.82147,-4.87641
0.140005,3.86525,2.82147,-4.87641
0.11988,4.38714,2.82147,-4.87641
0.0800667,4.90903,2.82147,-4.87641
0.263375,-4.48499,3.34336,-4.87641
0.197506,-3.9631,3.34336,-4.87641
0.145139,-3.44121,3.34336,-4.87641
0.16016,-2.91932,3.34336,-4.87641
0.270518,-2.39743,3.34336,-4.87641
0.438581,-1.87554,3.34336,-4.87641
0.487675,-1.35365,3.34336,-4.87641
0.32995,0.73391,3.34336,-4.87641
0.386297,1.2558,3.34336,-4.87641
0.30492,1.77769,3.34336,-4.87641
0.229695,2.29958,3.34336,-4.87641
0.145406,2.82147,3.34336,-4.87641
0.159801,3.34336,3.34336,-4.87641
0.201888,3.86525,3.34336,-4.87641
0.202281,4.38714,3.34336,-4.87641
0.197817,4.90903,3.34336,-4.87641
0.283228,-4.48499,3.86525,-4.87641
0.234155,-3.9631,3.86525,-4.87641
0.186102,-3.44121,3.86525,-4.87641
0.215049,-2.91932,3.86525,-4.87641
0.322666,-2.39743,3.86525,-4.87641
0.53076,-1.87554,3.86525,-4.87641
0.682105,-1.35365,3.86525,-4.87641
0.261733,0.73391,3.86525,-4.87641
0.362701,1.2558,3.86525,-4.87641
0.34403,1.77769,3.86525,-4.87641
0.267141,2.29958,3.86525,-4.87641
0.251479,3.86525,3.86525,-4.87641
0.277596,4.38714,3.86525,-4.87641
0.291148,4.90903,3.86525,-4.87641
0.336498,-4.48499,4.38714,-4.87641
0.293848,-3.9631,4.38714,-4.87641
0.247576,-3.44121,4.38714,-4.87641
0.320249,4.38714,4.38714,-4.87641
0.349761,4.90903,4.38714,-4.87641
0.384388,-4.48499,4.90903,-4.87641
0.351911,-3.9631,4.90903,-4.87641
0.318738,-3.44121,4.90903,-4.87641
0.308238,4.90903,4.90903,-4.87641
0.37619,-4.48499,5.43092,-4.87641
0.38195,-3.9631,5.43092,-4.87641
0.387711,-3.44121,5.43092,-4.87641
0.306182,-3.9631,5.95281,-4.87641
0.0449601,-3.9631,6.4747,-4.87641
-0.000431476,3.34336,0.73391,-4.35452
-0.0440036,3.86525,0.73391,-4.35452
0.0716053,2.29958,1.2558,-4.35452
0.0747933,2.82147,1.2558,-4.35452
0.0559603,3.34336,1.2558,-4.35452
0.0143102,3.86525,1.2558,-4.35452
-0.0146316,4.38714,1.2558,-4.35452
0.246854,-3.9631,1.77769,-4.35452
0.212371,-3.44121,1.77769,-4.35452
0.184831,-2.91932,1.77769,-4.35452
0.192198,-2.39743,1.77769,-4.35452
0.188407,1.77769,1.77769,-4.35452
0.139075,2.29958,1.77769,-4.35452
0.107185,2.82147,1.77769,-4.35452
0.101102,3.34336,1.77769,-4.35452
0.0706778,3.86525,1.77769,-4.35452
0.0169921,4.38714,1.77769,-4.35452
0.234879,-4.48499,2.29958,-4.35452
0.220333,-3.9631,2.29958,-4.35452
0.177996,-3.44121,2.29958,-4.35452
0.158301,-2.91932,2.29958,-4.35452
0.200051,-2.39743,2.29958,-4.35452
0.312856,1.2558,2.29958,-4.35452
0.234368,1.77769,2.29958,-4.35452
0.173923,2.29958,2.29958,-4.35452
0.132224,2.82147,2.29958,-4.35452
0.129287,3.34336,2.29958,-4.35452
0.11066,3.86525,2.29958,-4.35452
0.0621229,4.38714,2.29958,-4.35452
0.00380277,4.90903,2.29958,-4.35452
0.253161,-4.48499,2.82147,-4.35452
0.20779,-3.9631,2.82147,-4.35452
0.169236,-3.44121,2.82147,-4.35452
0.17068,-2.91932,2.82147,-4.35452
0.248132,-2.39743,2.82147,-4.35452
0.378559,-1.87554,2.82147,-4.35452
0.388512,0.73391,2.82147,-4.35452
0.327591,1.2558,2.82147,-4.35452
0.257709,1.77769,2.82147,-4.35452
0.204746,2.29958,2.82147,-4.35452
0.156112,2.82147,2.82147,-4.35452
0.158903,3.34336,2.82147,-4.35452
0.154852,3.86525,2.82147,-4.35452
0.121207,4.38714,2.82147,-4.35452
0.0709081,4.90903,2.82147,-4.35452
0.262645,-4.48499,3.34336,-4.35452
0.206091,-3.9631,3.34336,-4.35452
0.16212,-3.44121,3.34336,-4.35452
0.17849,-2.91932,3.34336,-4.35452
0.279247,-2.39743,3.34336,-4.35452
0.44745,-1.87554,3.34336,-4.35452
0.631639,-1.35365,3.34336,-4.35452
0.349765,0.73391,3.34336,-4.35452
0.292514,1.2558,3.34336,-4.35452
0.270496,1.77769,3.34336,-4.35452
0.232179,2.29958,3.34336,-4.35452
0.170023,2.82147,3.34336,-4.35452
0.185637,3.34336,3.34336,-4.35452
0.207027,3.86525,3.34336,-4.35452
0.188783,4.38714,3.34336,-4.35452
0.168389,4.90903,3.34336,-4.35452
0.0718674,5.43092,3.34336,-4.35452
0.287511,-4.48499,3.86525,-4.35452
0.230269,-3.9631,3.86525,-4.35452
0.184747,-3.44121,3.86525,-4.35452
0.218319,-2.91932,3.86525,-4.35452
0.333567,-2.39743,3.86525,-4.35452
0.548903,-1.87554,3.86525,-4.35452
0.794301,-1.35365,3.86525,-4.35452
0.18715,0.73391,3.86525,-4.35452
0.267468,2.29958,3.86525,-4.35452
0.206113,2.82147,3.86525,-4.35452
0.209927,3.34336,3.86525,-4.35452
0.259607,3.86525,3.86525,-4.35452
0.257631,4.38714,3.86525,-4.35452
0.262577,4.90903,3.86525,-4.35452
0.326288,-4.48499,4.38714,-4.35452
0.27509,-3.9631,4.38714,-4.35452
0.23332,-3.44121,4.38714,-4.35452
0.307324,4.38714,4.38714,-4.35452
0.32404,4.90903,4.38714,-4.35452
0.374141,-4.48499,4.90903,-4.35452
0.332211,-3.9631,4.90903,-4.35452
0.298759,-3.44121,4.90903,-4.35452
0.363143,4.90903,4.90903,-4.35452
0.382865,-4.48499,5.43092,-4.35452
0.355283,-3.9631,5.43092,-4.35452
0.337721,-3.44121,5.43092,-4.35452
0.388427,4.90903,5.43092,-4.35452
0.305065,-3.9631,5.95281,-4.35452
0.0822884,-3.9631,6.4747,-4.35452
-0.00974807,2.29958,0.73391,-3.83263
0.0395967,2.82147,0.73391,-3.83263
0.0217942,3.34336,0.73391,-3.83263
-0.0456951,3.86525,0.73391,-3.83263
0.254262,-2.91932,1.2558,-3.83263
0.0779523,1.77769,1.2558,-3.83263
0.106646,2.29958,1.2558,-3.83263
0.107942,2.82147,1.2558,-3.83263
0.0942537,3.34336,1.2558,-3.83263
0.0479099,3.86525,1.2558,-3.83263
-0.00919004,4.38714,1.2558,-3.83263
0.257223,-3.9631,1.77769,-3.83263
0.221805,-3.44121,1.77769,-3.83263
0.202451,-2.91932,1.77769,-3.83263
0.211123,-2.39743,1.77769,-3.83263
0.210875,1.2558,1.77769,-3.83263
0.201482,1.77769,1.77769,-3.83263
0.17728,2.29958,1.77769,-3.83263
0.152399,2.82147,1.77769,-3.83263
0.143436,3.34336,1.77769,-3.83263
0.114198,3.86525,1.77769,-3.83263
0.0505571,4.38714,1.77769,-3.83263
-0.00897,4.90903,1.77769,-3.83263
0.280731,-4.48499,2.29958,-3.83263
0.245539,-3.9631,2.29958,-3.83263
0.204866,-3.44121,2.29958,-3.83263
0.190513,-2.91932,2.29958,-3.83263
0.221667,-2.39743,2.29958,-3.83263
0.275549,-1.87554,2.29958,-3.83263
0.26738,1.2558,2.29958,-3.83263
0.226058,1.77769,2.29958,-3.83263
0.202988,2.29958,2.29958,-3.83263
0.180608,2.82147,2.29958,-3.83263
0.177553,3.34336,2.29958,-3.83263
0.158929,3.86525,2.29958,-3.83263
0.104355,4.38714,2.29958,-3.83263
0.0383857,4.90903,2.29958,-3.83263
0.293677,-4.48499,2.82147,-3.83263
0.238577,-3.9631,2.82147,-3.83263
0.198946,-3.44121,2.82147,-3.83263
0.195327,-2.91932,2.82147,-3.83263
0.25346,-2.39743,2.82147,-3.83263
0.376279,-1.87554,2.82147,-3.83263
0.312654,0.73391,2.82147,-3.83263
0.26696,1.2558,2.82147,-3.83263
0.242874,1.77769,2.82147,-3.83263
0.22614,2.29958,2.82147,-3.83263
0.200787,2.82147,2.82147,-3.83263
0.202767,3.34336,2.82147,-3.83263
0.192666,3.86525,2.82147,-3.83263
0.154335,4.38714,2.82147,-3.83263
0.0938643,4.90903,2.82147,-3.83263
-0.0133508,5.43092,2.82147,-3.83263
0.289445,-4.48499,3.34336,-3.83263
0.231383,-3.9631,3.34336,-3.83263
0.18858,-3.44121,3.34336,-3.83263
0.200156,-2.91932,3.34336,-3.83263
0.288336,-2.39743,3.34336,-3.83263
0.450919,-1.87554,3.34336,-3.83263
0.637346,-1.35365,3.34336,-3.83263
0.250754,0.212019,3.34336,-3.83263
0.230876,0.73391,3.34336,-3.83263
0.226136,1.2558,3.34336,-3.83263
0.241653,1.77769,3.34336,-3.83263
0.239724,2.29958,3.34336,-3.83263
0.200304,2.82147,3.34336,-3.83263
0.218153,3.34336,3.34336,-3.83263
0.225469,3.86525,3.34336,-3.83263
0.202723,4.38714,3.34336,-3.83263
0.165724,4.90903,3.34336,-3.83263
0.07006,5.43092,3.34336,-3.83263
0.321987,-5.00689,3.86525,-3.83263
0.299293,-4.48499,3.86525,-3.83263
0.243829,-3.9631,3.86525,-3.83263
0.202933,-3.44121,3.86525,-3.83263
0.232673,-2.91932,3.86525,-3.83263
0.351554,-2.39743,3.86525,-3.83263
0.591441,-1.87554,3.86525,-3.83263
0.205287,2.82147,3.86525,-3.83263
0.230396,3.34336,3.86525,-3.83263
0.264545,3.86525,3.86525,-3.83263
0.251681,4.38714,3.86525,-3.83263
0.239604,4.90903,3.86525,-3.83263
0.201725,5.43092,3.86525,-3.83263
0.3253,-4.48499,4.38714,-3.83263
0.278392,-3.9631,4.38714,-3.83263
0.243365,-3.44121,4.38714,-3.83263
0.29585,3.86525,4.38714,-3.83263
0.290001,4.38714,4.38714,-3.83263
0.285149,4.90903,4.38714,-3.83263
0.359987,-4.48499,4.90903,-3.83263
0.322126,-3.9631,4.90903,-3.83263
0.29072,-3.44121,4.90903,-3.83263
0.353957,4.38714,4.90903,-3.83263
0.351261,4.90903,4.90903,-3.83263
0.371143,-4.48499,5.43092,-3.83263
0.339932,-3.9631,5.43092,-3.83263
0.319136,-3.44121,5.43092,-3.83263
0.321421,4.90903,5.43092,-3.83263
0.321493,-4.48499,5.95281,-3.83263
0.307446,-3.9631,5.95281,-3.83263
0.119281,-3.9631,6.4747,-3.83263
-0.0553712,2.82147,0.212019,-3.31074
-0.0997166,3.34336,0.212019,-3.31074
0.0556947,2.29958,0.73391,-3.31074
0.0873309,2.82147,0.73391,-3.31074
0.0668452,3.34336,0.73391,-3.31074
-0.000989996,3.86525,0.73391,-3.31074
-0.0618171,4.38714,0.73391,-3.31074
0.259272,-3.44121,1.2558,-3.31074
0.261818,-2.91932,1.2558,-3.31074
0.286064,-2.39743,1.2558,-3.31074
0.161368,1.77769,1.2558,-3.31074
0.16546,2.29958,1.2558,-3.31074
0.154783,2.82147,1.2558,-3.31074
0.139269,3.34336,1.2558,-3.31074
0.100097,3.86525,1.2558,-3.31074
0.0413837,4.38714,1.2558,-3.31074
0.265083,-4.48499,1.77769,-3.31074
0.268462,-3.9631,1.77769,-3.31074
0.238409,-3.44121,1.77769,-3.31074
0.226712,-2.91932,1.77769,-3.31074
0.235581,-2.39743,1.77769,-3.31074
0.213365,1.2558,1.77769,-3.31074
0.225199,1.77769,1.77769,-3.31074
0.219637,2.29958,1.77769,-3.31074
0.201623,2.82147,1.77769,-3.31074
0.191972,3.34336,1.77769,-3.31074
0.170007,3.86525,1.77769,-3.31074
0.113709,4.38714,1.77769,-3.31074
0.058649,4.90903,1.77769,-3.31074
0.315216,-4.48499,2.29958,-3.31074
0.273753,-3.9631,2.29958,-3.31074
0.240005,-3.44121,2.29958,-3.31074
0.224048,-2.91932,2.29958,-3.31074
0.246914,-2.39743,2.29958,-3.31074
0.292511,-1.87554,2.29958,-3.31074
0.228515,1.2558,2.29958,-3.31074
0.221225,1.77769,2.29958,-3.31074
0.224255,2.29958,2.29958,-3.31074
0.224343,2.82147,2.29958,-3.31074
0.223821,3.34336,2.29958,-3.31074
0.2101,3.86525,2.29958,-3.31074
0.167183,4.38714,2.29958,-3.31074
0.112197,4.90903,2.29958,-3.31074
0.312108,-5.00689,2.82147,-3.31074
0.323651,-4.48499,2.82147,-3.31074
0.267699,-3.9631,2.82147,-3.31074
0.229714,-3.44121,2.82147,-3.31074
0.213304,-2.91932,2.82147,-3.31074
0.244713,-2.39743,2.82147,-3.31074
0.32363,-1.87554,2.82147,-3.31074
0.215701,0.73391,2.82147,-3.31074
0.197014,1.2558,2.82147,-3.31074
0.214932,1.77769,2.82147,-3.31074
0.230122,2.29958,2.82147,-3.31074
0.234549,2.82147,2.82147,-3.31074
0.242367,3.34336,2.82147,-3.31074
0.23466,3.86525,2.82147,-3.31074
0.206632,4.38714,2.82147,-3.31074
0.162739,4.90903,2.82147,-3.31074
0.0858712,5.43092,2.82147,-3.31074
0.324896,-5.00689,3.34336,-3.31074
0.315049,-4.48499,3.34336,-3.31074
0.259549,-3.9631,3.34336,-3.31074
0.218287,-3.44121,3.34336,-3.31074
0.213417,-2.91932,3.34336,-3.31074
0.264246,-2.39743,3.34336,-3.31074
0.364727,-1.87554,3.34336,-3.31074
0.222005,0.212019,3.34336,-3.31074
0.173299,0.73391,3.34336,-3.31074
0.189781,1.77769,3.34336,-3.31074
0.215834,2.29958,3.34336,-3.31074
0.220393,2.82147,3.34336,-3.31074
0.240865,3.34336,3.34336,-3.31074
0.241963,3.86525,3.34336,-3.31074
0.226226,4.38714,3.34336,-3.31074
0.199759,4.90903,3.34336,-3.31074
0.144068,5.43092,3.34336,-3.31074
0.349658,-5.00689,3.86525,-3.31074
0.321622,-4.48499,3.86525,-3.31074
0.264434,-3.9631,3.86525,-3.31074
0.222319,-3.44121,3.86525,-3.31074
0.232689,-2.91932,3.86525,-3.31074
0.204297,2.82147,3.86525,-3.31074
0.234357,3.34336,3.86525,-3.31074
0.24435,3.86525,3.86525,-3.31074
0.233078,4.38714,3.86525,-3.31074
0.221712,4.90903,3.86525,-3.31074
0.200903,5.43092,3.86525,-3.31074
0.363343,-5.00689,4.38714,-3.31074
0.334423,-4.48499,4.38714,-3.31074
0.285652,-3.9631,4.38714,-3.31074
0.249032,-3.44121,4.38714,-3.31074
0.245715,3.86525,4.38714,-3.31074
0.242775,4.38714,4.38714,-3.31074
0.24559,4.90903,4.38714,-3.31074
0.243691,5.43092,4.38714,-3.31074
0.34904,-4.48499,4.90903,-3.31074
0.310227,-3.9631,4.90903,-3.31074
0.284739,-3.44121,4.90903,-3.31074
0.262675,4.38714,4.90903,-3.31074
0.274629,4.90903,4.90903,-3.31074
0.350344,-4.48499,5.43092,-3.31074
0.323401,-3.9631,5.43092,-3.31074
0.242079,4.38714,5.43092,-3.31074
0.289709,-3.9631,5.95281,-3.31074
0.0654796,-3.9631,6.4747,-3.31074
0,4.38714,6.4747,-3.31074
0.0374598,2.82147,0.212019,-2.78885
-0.0175814,3.34336,0.212019,-2.78885
-0.107481,3.86525,0.212019,-2.78885
0.136703,1.77769,0.73391,-2.78885
0.139091,2.29958,0.73391,-2.78885
0.142035,2.82147,0.73391,-2.78885
0.112927,3.34336,0.73391,-2.78885
0.0556378,3.86525,0.73391,-2.78885
-0.00994919,4.38714,0.73391,-2.78885
0.232961,-3.9631,1.2558,-2.78885
0.240754,-3.44121,1.2558,-2.78885
0.25944,-2.91932,1.2558,-2.78885
0.302579,-2.39743,1.2558,-2.78885
0.185643,1.2558,1.2558,-2.78885
0.219163,1.77769,1.2558,-2.78885
0.221448,2.29958,1.2558,-2.78885
0.205702,2.82147,1.2558,-2.78885
0.184259,3.34336,1.2558,-2.78885
0.156306,3.86525,1.2558,-2.78885
0.0996044,4.38714,1.2558,-2.78885
0.0914806,4.90903,1.2558,-2.78885
0.266404,-4.48499,1.77769,-2.78885
0.265859,-3.9631,1.77769,-2.78885
0.250182,-3.44121,1.77769,-2.78885
0.240201,-2.91932,1.77769,-2.78885
0.260691,-2.39743,1.77769,-2.78885
0.265527,-1.87554,1.77769,-2.78885
0.211083,1.2558,1.77769,-2.78885
0.228212,1.77769,1.77769,-2.78885
0.242578,2.29958,1.77769,-2.78885
0.240203,2.82147,1.77769,-2.78885
0.234602,3.34336,1.77769,-2.78885
0.226905,3.86525,1.77769,-2.78885
0.179964,4.38714,1.77769,-2.78885
0.143818,4.90903,1.77769,-2.78885
0.326602,-4.48499,2.29958,-2.78885
0.287153,-3.9631,2.29958,-2.78885
0.262087,-3.44121,2.29958,-2.78885
0.241383,-2.91932,2.29958,-2.78885
0.256747,-2.39743,2.29958,-2.78885
0.252055,-1.87554,2.29958,-2.78885
0.214905,0.73391,2.29958,-2.78885
0.203721,1.2558,2.29958,-2.78885
0.208728,1.77769,2.29958,-2.78885
0.235735,2.29958,2.29958,-2.78885
0.255051,2.82147,2.29958,-2.78885
0.264218,3.34336,2.29958,-2.78885
0.264487,3.86525,2.29958,-2.78885
0.235286,4.38714,2.29958,-2.78885
0.19471,4.90903,2.29958,-2.78885
0.333654,-5.00689,2.82147,-2.78885
0.340265,-4.48499,2.82147,-2.78885
0.286425,-3.9631,2.82147,-2.78885
0.253731,-3.44121,2.82147,-2.78885
0.226225,-2.91932,2.82147,-2.78885
0.234439,-2.39743,2.82147,-2.78885
0.228144,-1.87554,2.82147,-2.78885
0.136926,-1.35365,2.82147,-2.78885
0.196986,0.212019,2.82147,-2.78885
0.17844,0.73391,2.82147,-2.78885
0.170803,1.2558,2.82147,-2.78885
0.189765,1.77769,2.82147,-2.78885
0.2321,2.29958,2.82147,-2.78885
0.258018,2.82147,2.82147,-2.78885
0.271041,3.34336,2.82147,-2.78885
0.277186,3.86525,2.82147,-2.78885
0.262452,4.38714,2.82147,-2.78885
0.232256,4.90903,2.82147,-2.78885
0.187949,5.43092,2.82147,-2.78885
0.372993,-5.00689,3.34336,-2.78885
0.343975,-4.48499,3.34336,-2.78885
0.284204,-3.9631,3.34336,-2.78885
0.242123,-3.44121,3.34336,-2.78885
0.222566,-2.91932,3.34336,-2.78885
0.232499,-2.39743,3.34336,-2.78885
0.212712,-1.87554,3.34336,-2.78885
0.172799,0.212019,3.34336,-2.78885
0.144183,0.73391,3.34336,-2.78885
0.154402,1.77769,3.34336,-2.78885
0.212414,2.29958,3.34336,-2.78885
0.242962,2.82147,3.34336,-2.78885
0.259458,3.34336,3.34336,-2.78885
0.267326,3.86525,3.34336,-2.78885
0.263085,4.38714,3.34336,-2.78885
0.246721,4.90903,3.34336,-2.78885
0.230133,5.43092,3.34336,-2.78885
0.390055,-5.00689,3.86525,-2.78885
0.343917,-4.48499,3.86525,-2.78885
0.282288,-3.9631,3.86525,-2.78885
0.239465,-3.44121,3.86525,-2.78885
0.230515,-2.91932,3.86525,-2.78885
0.215191,2.29958,3.86525,-2.78885
0.23319,2.82147,3.86525,-2.78885
0.251102,3.34336,3.86525,-2.78885
0.250957,3.86525,3.86525,-2.78885
0.242387,4.38714,3.86525,-2.78885
0.234184,4.90903,3.86525,-2.78885
0.238073,5.43092,3.86525,-2.78885
0.396438,-5.00689,4.38714,-2.78885
0.347984,-4.48499,4.38714,-2.78885
0.292415,-3.9631,4.38714,-2.78885
0.25671,-3.44121,4.38714,-2.78885
0.257026,2.82147,4.38714,-2.78885
0.242438,3.34336,4.38714,-2.78885
0.234712,3.86525,4.38714,-2.78885
0.230759,4.38714,4.38714,-2.78885
0.23587,4.90903,4.38714,-2.78885
0.254544,5.43092,4.38714,-2.78885
0.384358,-5.00689,4.90903,-2.78885
0.345288,-4.48499,4.90903,-2.78885
0.299511,-3.9631,4.90903,-2.78885
0.28338,-3.44121,4.90903,-2.78885
0.226567,3.86525,4.90903,-2.78885
0.230038,4.38714,4.90903,-2.78885
0.246172,4.90903,4.90903,-2.78885
0.329981,-4.48499,5.43092,-2.78885
0.298122,-3.9631,5.43092,-2.78885
0.221452,3.86525,5.43092,-2.78885
0.222706,4.38714,5.43092,-2.78885
0.264527,-3.9631,5.95281,-2.78885
0.228121,4.38714,5.95281,-2.78885
0.20032,4.38714,6.4747,-2.78885
0,3.86525,7.51848,-2.78885
0.207444,1.77769,0.212019,-2.26696
0.13036,2.29958,0.212019,-2.26696
0.0923022,2.82147,0.212019,-2.26696
0.0514235,3.34336,0.212019,-2.26696
-0.0234805,3.86525,0.212019,-2.26696
0.123035,-3.44121,0.73391,-2.26696
0.170698,-2.91932,0.73391,-2.26696
0.269132,-2.39743,0.73391,-2.26696
0.24841,1.2558,0.73391,-2.26696
0.231329,1.77769,0.73391,-2.26696
0.207897,2.29958,0.73391,-2.26696
0.186486,2.82147,0.73391,-2.26696
0.16571,3.34336,0.73391,-2.26696
0.133037,3.86525,0.73391,-2.26696
0.0729835,4.38714,0.73391,-2.26696
0.254941,-3.9631,1.2558,-2.26696
0.259961,-3.44121,1.2558,-2.26696
0.266667,-2.91932,1.2558,-2.26696
0.291329,-2.39743,1.2558,-2.26696
0.295269,-1.87554,1.2558,-2.26696
0.255938,1.2558,1.2558,-2.26696
0.251647,1.77769,1.2558,-2.26696
0.246891,2.29958,1.2558,-2.26696
0.239836,2.82147,1.2558,-2.26696
0.227073,3.34336,1.2558,-2.26696
0.220242,3.86525,1.2558,-2.26696
0.178575,4.38714,1.2558,-2.26696
0.138062,4.90903,1.2558,-2.26696
0.293371,-4.48499,1.77769,-2.26696
0.28288,-3.9631,1.77769,-2.26696
0.271002,-3.44121,1.77769,-2.26696
0.255063,-2.91932,1.77769,-2.26696
0.268896,-2.39743,1.77769,-2.26696
0.263914,-1.87554,1.77769,-2.26696
0.210673,0.73391,1.77769,-2.26696
0.217672,1.2558,1.77769,-2.26696
0.224687,1.77769,1.77769,-2.26696
0.247072,2.29958,1.77769,-2.26696
0.265811,2.82147,1.77769,-2.26696
0.271214,3.34336,1.77769,-2.26696
0.283214,3.86525,1.77769,-2.26696
0.257054,4.38714,1.77769,-2.26696
0.215505,4.90903,1.77769,-2.26696
0.18132,5.43092,1.77769,-2.26696
0.347015,-5.00689,2.29958,-2.26696
0.354642,-4.48499,2.29958,-2.26696
0.307309,-3.9631,2.29958,-2.26696
0.277501,-3.44121,2.29958,-2.26696
0.251878,-2.91932,2.29958,-2.26696
0.257561,-2.39743,2.29958,-2.26696
0.239643,-1.87554,2.29958,-2.26696
0.13376,0.212019,2.29958,-2.26696
0.184937,0.73391,2.29958,-2.26696
0.181147,1.2558,2.29958,-2.26696
0.192516,1.77769,2.29958,-2.26696
0.231447,2.29958,2.29958,-2.26696
0.272433,2.82147,2.29958,-2.26696
0.29382,3.34336,2.29958,-2.26696
0.312726,3.86525,2.29958,-2.26696
0.302179,4.38714,2.29958,-2.26696
0.270546,4.90903,2.29958,-2.26696
0.237981,5.43092,2.29958,-2.26696
0.394382,-5.00689,2.82147,-2.26696
0.363284,-4.48499,2.82147,-2.26696
0.306357,-3.9631,2.82147,-2.26696
0.270383,-3.44121,2.82147,-2.26696
0.237808,-2.91932,2.82147,-2.26696
0.230504,-2.39743,2.82147,-2.26696
0.194467,-1.87554,2.82147,-2.26696
0.108595,-1.35365,2.82147,-2.26696
0.144157,0.212019,2.82147,-2.26696
0.148703,0.73391,2.82147,-2.26696
0.147059,1.2558,2.82147,-2.26696
0.172529,1.77769,2.82147,-2.26696
0.225244,2.29958,2.82147,-2.26696
0.269022,2.82147,2.82147,-2.26696
0.290448,3.34336,2.82147,-2.26696
0.308992,3.86525,2.82147,-2.26696
0.308075,4.38714,2.82147,-2.26696
0.287478,4.90903,2.82147,-2.26696
0.257662,5.43092,2.82147,-2.26696
0.422126,-5.00689,3.34336,-2.26696
0.367405,-4.48499,3.34336,-2.26696
0.305652,-3.9631,3.34336,-2.26696
0.261809,-3.44121,3.34336,-2.26696
0.233358,-2.91932,3.34336,-2.26696
0.218605,-2.39743,3.34336,-2.26696
0.146989,-1.87554,3.34336,-2.26696
0.0560844,-0.309872,3.34336,-2.26696
0.135871,0.212019,3.34336,-2.26696
0.121416,0.73391,3.34336,-2.26696
0.133139,1.2558,3.34336,-2.26696
0.162083,1.77769,3.34336,-2.26696
0.230767,2.29958,3.34336,-2.26696
0.265299,2.82147,3.34336,-2.26696
0.276862,3.34336,3.34336,-2.26696
0.285816,3.86525,3.34336,-2.26696
0.291979,4.38714,3.34336,-2.26696
0.286025,4.90903,3.34336,-2.26696
0.283744,5.43092,3.34336,-2.26696
0.416433,-5.00689,3.86525,-2.26696
0.357863,-4.48499,3.86525,-2.26696
0.299627,-3.9631,3.86525,-2.26696
0.262567,-3.44121,3.86525,-2.26696
0.236409,-2.91932,3.86525,-2.26696
0.186603,-2.39743,3.86525,-2.26696
0.185387,1.77769,3.86525,-2.26696
0.266388,2.29958,3.86525,-2.26696
0.273888,2.82147,3.86525,-2.26696
0.269926,3.34336,3.86525,-2.26696
0.262562,3.86525,3.86525,-2.26696
0.261063,4.38714,3.86525,-2.26696
0.258086,4.90903,3.86525,-2.26696
0.265896,5.43092,3.86525,-2.26696
0.404598,-5.00689,4.38714,-2.26696
0.352629,-4.48499,4.38714,-2.26696
0.303543,-3.9631,4.38714,-2.26696
0.280783,-3.44121,4.38714,-2.26696
0.290259,2.82147,4.38714,-2.26696
0.262686,3.34336,4.38714,-2.26696
0.243618,3.86525,4.38714,-2.26696
0.240671,4.38714,4.38714,-2.26696
0.246924,4.90903,4.38714,-2.26696
0.252048,5.43092,4.38714,-2.26696
0.381727,-5.00689,4.90903,-2.26696
0.33706,-4.48499,4.90903,-2.26696
0.288892,-3.9631,4.90903,-2.26696
0.296007,-3.44121,4.90903,-2.26696
0.244722,3.34336,4.90903,-2.26696
0.236076,3.86525,4.90903,-2.26696
0.240518,4.38714,4.90903,-2.26696
0.256097,4.90903,4.90903,-2.26696
0.301551,-4.48499,5.43092,-2.26696
0.270891,-3.9631,5.43092,-2.26696
0.233031,3.86525,5.43092,-2.26696
0.253304,4.38714,5.43092,-2.26696
0.280489,4.90903,5.43092,-2.26696
0.224044,-4.48499,5.95281,-2.26696
0.227775,3.86525,5.95281,-2.26696
0.259051,4.38714,5.95281,-2.26696
0.212447,3.86525,6.4747,-2.26696
0.260529,4.38714,6.4747,-2.26696
0.174794,3.86525,6.99659,-2.26696
0.0362551,2.29958,-0.309872,-1.74507
0.00783905,2.82147,-0.309872,-1.74507
-0.0312179,3.34336,-0.309872,-1.74507
0.268852,1.77769,0.212019,-1.74507
0.213565,2.29958,0.212019,-1.74507
0.165847,2.82147,0.212019,-1.74507
0.116094,3.34336,0.212019,-1.74507
0.0685777,3.86525,0.212019,-1.74507
-0.00218386,4.38714,0.212019,-1.74507
0.311311,-3.9631,0.73391,-1.74507
0.345174,-3.44121,0.73391,-1.74507
0.37922,-2.91932,0.73391,-1.74507
0.445679,-2.39743,0.73391,-1.74507
0.26513,1.2558,0.73391,-1.74507
0.261453,1.77769,0.73391,-1.74507
0.244565,2.29958,0.73391,-1.74507
0.223546,2.82147,0.73391,-1.74507
0.207685,3.34336,0.73391,-1.74507
0.203941,3.86525,0.73391,-1.74507
0.165234,4.38714,0.73391,-1.74507
0.118234,4.90903,0.73391,-1.74507
0.302504,-4.48499,1.2558,-1.74507
0.34255,-3.9631,1.2558,-1.74507
0.342239,-3.44121,1.2558,-1.74507
0.347962,-2.91932,1.2558,-1.74507
0.372101,-2.39743,1.2558,-1.74507
0.372508,-1.87554,1.2558,-1.74507
0.249533,0.73391,1.2558,-1.74507
0.252076,1.2558,1.2558,-1.74507
0.248454,1.77769,1.2558,-1.74507
0.252225,2.29958,1.2558,-1.74507
0.254727,2.82147,1.2558,-1.74507
0.257001,3.34336,1.2558,-1.74507
0.275649,3.86525,1.2558,-1.74507
0.260951,4.38714,1.2558,-1.74507
0.233576,4.90903,1.2558,-1.74507
0.317234,-5.00689,1.77769,-1.74507
0.36509,-4.48499,1.77769,-1.74507
0.336979,-3.9631,1.77769,-1.74507
0.312639,-3.44121,1.77769,-1.74507
0.300232,-2.91932,1.77769,-1.74507
0.317708,-2.39743,1.77769,-1.74507
0.324182,-1.87554,1.77769,-1.74507
0.108517,0.212019,1.77769,-1.74507
0.199567,0.73391,1.77769,-1.74507
0.201122,1.2558,1.77769,-1.74507
0.208629,1.77769,1.77769,-1.74507
0.234429,2.29958,1.77769,-1.74507
0.267561,2.82147,1.77769,-1.74507
0.290998,3.34336,1.77769,-1.74507
0.322765,3.86525,1.77769,-1.74507
0.323343,4.38714,1.77769,-1.74507
0.304018,4.90903,1.77769,-1.74507
0.25535,5.43092,1.77769,-1.74507
0.4272,-5.00689,2.29958,-1.74507
0.389672,-4.48499,2.29958,-1.74507
0.33348,-3.9631,2.29958,-1.74507
0.293498,-3.44121,2.29958,-1.74507
0.271593,-2.91932,2.29958,-1.74507
0.279193,-2.39743,2.29958,-1.74507
0.273205,-1.87554,2.29958,-1.74507
0.163815,-1.35365,2.29958,-1.74507
0.0467738,-0.309872,2.29958,-1.74507
0.135276,0.212019,2.29958,-1.74507
0.165702,0.73391,2.29958,-1.74507
0.161083,1.2558,2.29958,-1.74507
0.178485,1.77769,2.29958,-1.74507
0.21966,2.29958,2.29958,-1.74507
0.271642,2.82147,2.29958,-1.74507
0.305041,3.34336,2.29958,-1.74507
0.336185,3.86525,2.29958,-1.74507
0.341819,4.38714,2.29958,-1.74507
0.322597,4.90903,2.29958,-1.74507
0.299596,5.43092,2.29958,-1.74507
0.456038,-5.00689,2.82147,-1.74507
0.386533,-4.48499,2.82147,-1.74507
0.328846,-3.9631,2.82147,-1.74507
0.286301,-3.44121,2.82147,-1.74507
0.255546,-2.91932,2.82147,-1.74507
0.254608,-2.39743,2.82147,-1.74507
0.229704,-1.87554,2.82147,-1.74507
0.135229,-1.35365,2.82147,-1.74507
0.0872063,-0.831762,2.82147,-1.74507
0.0786657,-0.309872,2.82147,-1.74507
0.12714,0.212019,2.82147,-1.74507
0.127087,0.73391,2.82147,-1.74507
0.132443,1.2558,2.82147,-1.74507
0.167186,1.77769,2.82147,-1.74507
0.22217,2.29958,2.82147,-1.74507
0.277091,2.82147,2.82147,-1.74507
0.305337,3.34336,2.82147,-1.74507
0.329075,3.86525,2.82147,-1.74507
0.335814,4.38714,2.82147,-1.74507
0.319198,4.90903,2.82147,-1.74507
0.302279,5.43092,2.82147,-1.74507
0.479677,-5.00689,3.34336,-1.74507
0.390891,-4.48499,3.34336,-1.74507
0.330677,-3.9631,3.34336,-1.74507
0.2852,-3.44121,3.34336,-1.74507
0.260591,-2.91932,3.34336,-1.74507
0.252694,-2.39743,3.34336,-1.74507
0.213456,-1.87554,3.34336,-1.74507
0.140504,-1.35365,3.34336,-1.74507
0.121428,-0.831762,3.34336,-1.74507
0.120518,-0.309872,3.34336,-1.74507
0.127317,0.212019,3.34336,-1.74507
0.119508,0.73391,3.34336,-1.74507
0.136356,1.2558,3.34336,-1.74507
0.175611,1.77769,3.34336,-1.74507
0.245048,2.29958,3.34336,-1.74507
0.284075,2.82147,3.34336,-1.74507
0.298637,3.34336,3.34336,-1.74507
0.307132,3.86525,3.34336,-1.74507
0.314957,4.38714,3.34336,-1.74507
0.305946,4.90903,3.34336,-1.74507
0.31117,5.43092,3.34336,-1.74507
0.44767,-5.00689,3.86525,-1.74507
0.371147,-4.48499,3.86525,-1.74507
0.322178,-3.9631,3.86525,-1.74507
0.288139,-3.44121,3.86525,-1.74507
0.266024,-2.91932,3.86525,-1.74507
0.235051,-2.39743,3.86525,-1.74507
0.207135,-1.87554,3.86525,-1.74507
0.225236,-0.309872,3.86525,-1.74507
0.207755,0.212019,3.86525,-1.74507
0.206526,0.73391,3.86525,-1.74507
0.217063,1.2558,3.86525,-1.74507
0.238179,1.77769,3.86525,-1.74507
0.30288,2.29958,3.86525,-1.74507
0.311569,2.82147,3.86525,-1.74507
0.298439,3.34336,3.86525,-1.74507
0.288833,3.86525,3.86525,-1.74507
0.287589,4.38714,3.86525,-1.74507
0.284651,4.90903,3.86525,-1.74507
0.306321,5.43092,3.86525,-1.74507
0.417372,-5.00689,4.38714,-1.74507
0.35729,-4.48499,4.38714,-1.74507
0.32351,-3.9631,4.38714,-1.74507
0.298508,-3.44121,4.38714,-1.74507
0.296545,1.77769,4.38714,-1.74507
0.365953,2.29958,4.38714,-1.74507
0.345814,2.82147,4.38714,-1.74507
0.302648,3.34336,4.38714,-1.74507
0.272474,3.86525,4.38714,-1.74507
0.268328,4.38714,4.38714,-1.74507
0.277728,4.90903,4.38714,-1.74507
0.289674,5.43092,4.38714,-1.74507
0.379972,-5.00689,4.90903,-1.74507
0.320849,-4.48499,4.90903,-1.74507
0.283785,-3.9631,4.90903,-1.74507
0.374474,2.82147,4.90903,-1.74507
0.315667,3.34336,4.90903,-1.74507
0.277116,3.86525,4.90903,-1.74507
0.266963,4.38714,4.90903,-1.74507
0.284643,4.90903,4.90903,-1.74507
0.283951,5.43092,4.90903,-1.74507
0.269158,-4.48499,5.43092,-1.74507
0.238019,-3.9631,5.43092,-1.74507
0.339895,3.34336,5.43092,-1.74507
0.295797,3.86525,5.43092,-1.74507
0.277858,4.38714,5.43092,-1.74507
0.301358,4.90903,5.43092,-1.74507
0.148975,-4.48499,5.95281,-1.74507
0.374605,3.34336,5.95281,-1.74507
0.313708,3.86525,5.95281,-1.74507
0.29204,4.38714,5.95281,-1.74507
0.301627,3.86525,6.4747,-1.74507
0.305479,4.38714,6.4747,-1.74507
0.266207,3.86525,6.99659,-1.74507
0.294437,4.38714,6.99659,-1.74507
0.280555,3.86525,7.51848,-1.74507
0.266141,3.34336,8.04037,-1.74507
0.194958,2.29958,-0.309872,-1.22318
0.14815,2.82147,-0.309872,-1.22318
0.0666949,3.34336,-0.309872,-1.22318
0.330253,1.2558,0.212019,-1.22318
0.300268,1.77769,0.212019,-1.22318
0.266581,2.29958,0.212019,-1.22318
0.236556,2.82147,0.212019,-1.22318
0.199525,3.34336,0.212019,-1.22318
0.185276,3.86525,0.212019,-1.22318
0.135022,4.38714,0.212019,-1.22318
0.45584,-3.9631,0.73391,-1.22318
0.447419,-3.44121,0.73391,-1.22318
0.448783,-2.91932,0.73391,-1.22318
0.485177,-2.39743,0.73391,-1.22318
0.508088,-1.87554,0.73391,-1.22318
0.281604,0.73391,0.73391,-1.22318
0.275332,1.2558,0.73391,-1.22318
0.269159,1.77769,0.73391,-1.22318
0.258834,2.29958,0.73391,-1.22318
0.254615,2.82147,0.73391,-1.22318
0.251499,3.34336,0.73391,-1.22318
0.27086,3.86525,0.73391,-1.22318
0.269147,4.38714,0.73391,-1.22318
0.259302,4.90903,0.73391,-1.22318
0.424452,-4.48499,1.2558,-1.22318
0.416295,-3.9631,1.2558,-1.22318
0.389501,-3.44121,1.2558,-1.22318
0.376476,-2.91932,1.2558,-1.22318
0.390524,-2.39743,1.2558,-1.22318
0.419173,-1.87554,1.2558,-1.22318
0.186473,0.212019,1.2558,-1.22318
0.238757,0.73391,1.2558,-1.22318
0.236695,1.2558,1.2558,-1.22318
0.234514,1.77769,1.2558,-1.22318
0.246767,2.29958,1.2558,-1.22318
0.265212,2.82147,1.2558,-1.22318
0.280365,3.34336,1.2558,-1.22318
0.320099,3.86525,1.2558,-1.22318
0.343221,4.38714,1.2558,-1.22318
0.348894,4.90903,1.2558,-1.22318
0.418702,-5.00689,1.77769,-1.22318
0.427603,-4.48499,1.77769,-1.22318
0.383267,-3.9631,1.77769,-1.22318
0.339698,-3.44121,1.77769,-1.22318
0.318841,-2.91932,1.77769,-1.22318
0.333455,-2.39743,1.77769,-1.22318
0.36674,-1.87554,1.77769,-1.22318
0.221331,-1.35365,1.77769,-1.22318
0.109176,-0.309872,1.77769,-1.22318
0.14859,0.212019,1.77769,-1.22318
0.186336,0.73391,1.77769,-1.22318
0.184551,1.2558,1.77769,-1.22318
0.194083,1.77769,1.77769,-1.22318
0.221622,2.29958,1.77769,-1.22318
0.263597,2.82147,1.77769,-1.22318
0.299138,3.34336,1.77769,-1.22318
0.347386,3.86525,1.77769,-1.22318
0.382472,4.38714,1.77769,-1.22318
0.398233,4.90903,1.77769,-1.22318
0.365697,5.43092,1.77769,-1.22318
0.460831,-5.00689,2.29958,-1.22318
0.410511,-4.48499,2.29958,-1.22318
0.356094,-3.9631,2.29958,-1.22318
0.306181,-3.44121,2.29958,-1.22318
0.280011,-2.91932,2.29958,-1.22318
0.285034,-2.39743,2.29958,-1.22318
0.298131,-1.87554,2.29958,-1.22318
0.192759,-1.35365,2.29958,-1.22318
0.109607,-0.831762,2.29958,-1.22318
0.123592,-0.309872,2.29958,-1.22318
0.150301,0.212019,2.29958,-1.22318
0.15594,0.73391,2.29958,-1.22318
0.153255,1.2558,2.29958,-1.22318
0.173025,1.77769,2.29958,-1.22318
0.213181,2.29958,2.29958,-1.22318
0.268256,2.82147,2.29958,-1.22318
0.307524,3.34336,2.29958,-1.22318
0.351291,3.86525,2.29958,-1.22318
0.383096,4.38714,2.29958,-1.22318
0.393412,4.90903,2.29958,-1.22318
0.374168,5.43092,2.29958,-1.22318
0.458773,-5.00689,2.82147,-1.22318
0.394118,-4.48499,2.82147,-1.22318
0.347897,-3.9631,2.82147,-1.22318
0.301408,-3.44121,2.82147,-1.22318
0.271416,-2.91932,2.82147,-1.22318
0.271645,-2.39743,2.82147,-1.22318
0.260349,-1.87554,2.82147,-1.22318
0.170936,-1.35365,2.82147,-1.22318
0.13143,-0.831762,2.82147,-1.22318
0.137004,-0.309872,2.82147,-1.22318
0.138371,0.212019,2.82147,-1.22318
0.135711,0.73391,2.82147,-1.22318
0.143147,1.2558,2.82147,-1.22318
0.178106,1.77769,2.82147,-1.22318
0.231169,2.29958,2.82147,-1.22318
0.28575,2.82147,2.82147,-1.22318
0.317287,3.34336,2.82147,-1.22318
0.349328,3.86525,2.82147,-1.22318
0.367921,4.38714,2.82147,-1.22318
0.370998,4.90903,2.82147,-1.22318
0.346313,5.43092,2.82147,-1.22318
0.456966,-5.00689,3.34336,-1.22318
0.392083,-4.48499,3.34336,-1.22318
0.352112,-3.9631,3.34336,-1.22318
0.306398,-3.44121,3.34336,-1.22318
0.28249,-2.91932,3.34336,-1.22318
0.27435,-2.39743,3.34336,-1.22318
0.246564,-1.87554,3.34336,-1.22318
0.180323,-1.35365,3.34336,-1.22318
0.152566,-0.831762,3.34336,-1.22318
0.150934,-0.309872,3.34336,-1.22318
0.146226,0.212019,3.34336,-1.22318
0.15722,0.73391,3.34336,-1.22318
0.173228,1.2558,3.34336,-1.22318
0.213156,1.77769,3.34336,-1.22318
0.277229,2.29958,3.34336,-1.22318
0.310476,2.82147,3.34336,-1.22318
0.321723,3.34336,3.34336,-1.22318
0.332606,3.86525,3.34336,-1.22318
0.342222,4.38714,3.34336,-1.22318
0.338222,4.90903,3.34336,-1.22318
0.310691,5.43092,3.34336,-1.22318
0.406621,-5.00689,3.86525,-1.22318
0.364184,-4.48499,3.86525,-1.22318
0.339927,-3.9631,3.86525,-1.22318
0.307641,-3.44121,3.86525,-1.22318
0.284823,-2.91932,3.86525,-1.22318
0.26001,-2.39743,3.86525,-1.22318
0.237928,-1.87554,3.86525,-1.22318
0.187052,-1.35365,3.86525,-1.22318
0.167356,-0.831762,3.86525,-1.22318
0.21107,-0.309872,3.86525,-1.22318
0.193313,0.212019,3.86525,-1.22318
0.222345,0.73391,3.86525,-1.22318
0.25225,1.2558,3.86525,-1.22318
0.294091,1.77769,3.86525,-1.22318
0.350989,2.29958,3.86525,-1.22318
0.355702,2.82147,3.86525,-1.22318
0.336757,3.34336,3.86525,-1.22318
0.323091,3.86525,3.86525,-1.22318
0.322653,4.38714,3.86525,-1.22318
0.317526,4.90903,3.86525,-1.22318
0.322136,5.43092,3.86525,-1.22318
0.379394,-5.00689,4.38714,-1.22318
0.34578,-4.48499,4.38714,-1.22318
0.329857,-3.9631,4.38714,-1.22318
0.302002,-3.44121,4.38714,-1.22318
0.199931,0.73391,4.38714,-1.22318
0.272521,1.2558,4.38714,-1.22318
0.335855,1.77769,4.38714,-1.22318
0.40888,2.29958,4.38714,-1.22318
0.389514,2.82147,4.38714,-1.22318
0.355038,3.34336,4.38714,-1.22318
0.323607,3.86525,4.38714,-1.22318
0.314045,4.38714,4.38714,-1.22318
0.314197,4.90903,4.38714,-1.22318
0.315239,5.43092,4.38714,-1.22318
0.367211,-5.00689,4.90903,-1.22318
0.314122,-4.48499,4.90903,-1.22318
0.286229,-3.9631,4.90903,-1.22318
0.458055,2.29958,4.90903,-1.22318
0.418469,2.82147,4.90903,-1.22318
0.371567,3.34336,4.90903,-1.22318
0.336353,3.86525,4.90903,-1.22318
0.318101,4.38714,4.90903,-1.22318
0.320198,4.90903,4.90903,-1.22318
0.326208,5.43092,4.90903,-1.22318
0.253463,-4.48499,5.43092,-1.22318
0.428935,2.82147,5.43092,-1.22318
0.386455,3.34336,5.43092,-1.22318
0.361181,3.86525,5.43092,-1.22318
0.340235,4.38714,5.43092,-1.22318
0.339463,4.90903,5.43092,-1.22318
0.206392,-4.48499,5.95281,-1.22318
0.428048,2.82147,5.95281,-1.22318
0.388945,3.34336,5.95281,-1.22318
0.374071,3.86525,5.95281,-1.22318
0.342985,4.38714,5.95281,-1.22318
0.31912,4.90903,5.95281,-1.22318
0,-4.48499,6.4747,-1.22318
0.370257,3.34336,6.4747,-1.22318
0.365679,3.86525,6.4747,-1.22318
0.341359,4.38714,6.4747,-1.22318
0.351456,3.34336,6.99659,-1.22318
0.346828,3.86525,6.99659,-1.22318
0.313061,4.38714,6.99659,-1.22318
0.334788,3.34336,7.51848,-1.22318
0.396668,3.86525,7.51848,-1.22318
0.487395,3.34336,8.04037,-1.22318
0.420271,1.2558,-0.309872,-0.701289
0.372303,1.77769,-0.309872,-0.701289
0.313869,2.29958,-0.309872,-0.701289
0.281853,2.82147,-0.309872,-0.701289
0.237312,3.34336,-0.309872,-0.701289
0.188449,3.86525,-0.309872,-0.701289
0.592287,-3.44121,0.212019,-0.701289
0.580189,-2.91932,0.212019,-0.701289
0.625447,-2.39743,0.212019,-0.701289
0.364745,1.2558,0.212019,-0.701289
0.328752,1.77769,0.212019,-0.701289
0.298924,2.29958,0.212019,-0.701289
0.28894,2.82147,0.212019,-0.701289
0.279742,3.34336,0.212019,-0.701289
0.293268,3.86525,0.212019,-0.701289
0.294807,4.38714,0.212019,-0.701289
0.538017,-3.9631,0.73391,-0.701289
0.494645,-3.44121,0.73391,-0.701289
0.48026,-2.91932,0.73391,-0.701289
0.506986,-2.39743,0.73391,-0.701289
0.52871,-1.87554,0.73391,-0.701289
0.304972,0.73391,0.73391,-0.701289
0.286373,1.2558,0.73391,-0.701289
0.272562,1.77769,0.73391,-0.701289
0.26505,2.29958,0.73391,-0.701289
0.276421,2.82147,0.73391,-0.701289
0.290262,3.34336,0.73391,-0.701289
0.326567,3.86525,0.73391,-0.701289
0.348885,4.38714,0.73391,-0.701289
0.354785,4.90903,0.73391,-0.701289
0.510147,-4.48499,1.2558,-0.701289
0.456876,-3.9631,1.2558,-0.701289
0.41163,-3.44121,1.2558,-0.701289
0.391965,-2.91932,1.2558,-0.701289
0.406173,-2.39743,1.2558,-0.701289
0.444457,-1.87554,1.2558,-0.701289
0.19997,0.212019,1.2558,-0.701289
0.239013,0.73391,1.2558,-0.701289
0.22845,1.2558,1.2558,-0.701289
0.222637,1.77769,1.2558,-0.701289
0.237154,2.29958,1.2558,-0.701289
0.266884,2.82147,1.2558,-0.701289
0.294418,3.34336,1.2558,-0.701289
0.343075,3.86525,1.2558,-0.701289
0.383342,4.38714,1.2558,-0.701289
0.402342,4.90903,1.2558,-0.701289
0.356481,5.43092,1.2558,-0.701289
0.524595,-5.00689,1.77769,-0.701289
0.472217,-4.48499,1.77769,-0.701289
0.408111,-3.9631,1.77769,-0.701289
0.35226,-3.44121,1.77769,-0.701289
0.333831,-2.91932,1.77769,-0.701289
0.348295,-2.39743,1.77769,-0.701289
0.386861,-1.87554,1.77769,-0.701289
0.25276,-1.35365,1.77769,-0.701289
0.141546,-0.831762,1.77769,-0.701289
0.14094,-0.309872,1.77769,-0.701289
0.164833,0.212019,1.77769,-0.701289
0.184036,0.73391,1.77769,-0.701289
0.178504,1.2558,1.77769,-0.701289
0.186301,1.77769,1.77769,-0.701289
0.213934,2.29958,1.77769,-0.701289
0.256842,2.82147,1.77769,-0.701289
0.299576,3.34336,1.77769,-0.701289
0.349592,3.86525,1.77769,-0.701289
0.397918,4.38714,1.77769,-0.701289
0.432176,4.90903,1.77769,-0.701289
0.40133,5.43092,1.77769,-0.701289
0.51,-5.00689,2.29958,-0.701289
0.434429,-4.48499,2.29958,-0.701289
0.371034,-3.9631,2.29958,-0.701289
0.315213,-3.44121,2.29958,-0.701289
0.293683,-2.91932,2.29958,-0.701289
0.295194,-2.39743,2.29958,-0.701289
0.309214,-1.87554,2.29958,-0.701289
0.211418,-1.35365,2.29958,-0.701289
0.146854,-0.831762,2.29958,-0.701289
0.146141,-0.309872,2.29958,-0.701289
0.162171,0.212019,2.29958,-0.701289
0.159744,0.73391,2.29958,-0.701289
0.160002,1.2558,2.29958,-0.701289
0.180232,1.77769,2.29958,-0.701289
0.218403,2.29958,2.29958,-0.701289
0.266258,2.82147,2.29958,-0.701289
0.305835,3.34336,2.29958,-0.701289
0.350359,3.86525,2.29958,-0.701289
0.390579,4.38714,2.29958,-0.701289
0.415191,4.90903,2.29958,-0.701289
0.403611,5.43092,2.29958,-0.701289
0.478565,-5.00689,2.82147,-0.701289
0.41294,-4.48499,2.82147,-0.701289
0.366835,-3.9631,2.82147,-0.701289
0.316576,-3.44121,2.82147,-0.701289
0.295152,-2.91932,2.82147,-0.701289
0.291684,-2.39743,2.82147,-0.701289
0.282429,-1.87554,2.82147,-0.701289
0.210425,-1.35365,2.82147,-0.701289
0.168933,-0.831762,2.82147,-0.701289
0.15938,-0.309872,2.82147,-0.701289
0.164665,0.212019,2.82147,-0.701289
0.162197,0.73391,2.82147,-0.701289
0.172808,1.2558,2.82147,-0.701289
0.200768,1.77769,2.82147,-0.701289
0.246705,2.29958,2.82147,-0.701289
0.288839,2.82147,2.82147,-0.701289
0.318096,3.34336,2.82147,-0.701289
0.348187,3.86525,2.82147,-0.701289
0.371603,4.38714,2.82147,-0.701289
0.387527,4.90903,2.82147,-0.701289
0.369882,5.43092,2.82147,-0.701289
0.451731,-5.00689,3.34336,-0.701289
0.399952,-4.48499,3.34336,-0.701289
0.365829,-3.9631,3.34336,-0.701289
0.323804,-3.44121,3.34336,-0.701289
0.306258,-2.91932,3.34336,-0.701289
0.293612,-2.39743,3.34336,-0.701289
0.272029,-1.87554,3.34336,-0.701289
0.216565,-1.35365,3.34336,-0.701289
0.178252,-0.831762,3.34336,-0.701289
0.173128,-0.309872,3.34336,-0.701289
0.19457,0.212019,3.34336,-0.701289
0.218444,0.73391,3.34336,-0.701289
0.240881,1.2558,3.34336,-0.701289
0.271065,1.77769,3.34336,-0.701289
0.316792,2.29958,3.34336,-0.701289
0.329382,2.82147,3.34336,-0.701289
0.331723,3.34336,3.34336,-0.701289
0.338602,3.86525,3.34336,-0.701289
0.347287,4.38714,3.34336,-0.701289
0.353155,4.90903,3.34336,-0.701289
0.321972,5.43092,3.34336,-0.701289
0.380212,-5.00689,3.86525,-0.701289
0.367118,-4.48499,3.86525,-0.701289
0.352601,-3.9631,3.86525,-0.701289
0.329356,-3.44121,3.86525,-0.701289
0.30667,-2.91932,3.86525,-0.701289
0.281837,-2.39743,3.86525,-0.701289
0.252273,-1.87554,3.86525,-0.701289
0.208603,-1.35365,3.86525,-0.701289
0.180782,-0.831762,3.86525,-0.701289
0.224326,-0.309872,3.86525,-0.701289
0.24936,0.212019,3.86525,-0.701289
0.30493,0.73391,3.86525,-0.701289
0.354167,1.2558,3.86525,-0.701289
0.383638,1.77769,3.86525,-0.701289
0.415858,2.29958,3.86525,-0.701289
0.38857,2.82147,3.86525,-0.701289
0.356659,3.34336,3.86525,-0.701289
0.339791,3.86525,3.86525,-0.701289
0.337943,4.38714,3.86525,-0.701289
0.336418,4.90903,3.86525,-0.701289
0.315187,5.43092,3.86525,-0.701289
0.34516,-5.00689,4.38714,-0.701289
0.34161,-4.48499,4.38714,-0.701289
0.335419,-3.9631,4.38714,-0.701289
0.311955,-3.44121,4.38714,-0.701289
0.276708,-2.91932,4.38714,-0.701289
0.22909,-2.39743,4.38714,-0.701289
0.2286,-1.87554,4.38714,-0.701289
0.197605,-1.35365,4.38714,-0.701289
0.178419,-0.831762,4.38714,-0.701289
0.243566,-0.309872,4.38714,-0.701289
0.247844,0.212019,4.38714,-0.701289
0.296377,0.73391,4.38714,-0.701289
0.398078,1.2558,4.38714,-0.701289
0.453958,1.77769,4.38714,-0.701289
0.489759,2.29958,4.38714,-0.701289
0.439333,2.82147,4.38714,-0.701289
0.387868,3.34336,4.38714,-0.701289
0.351923,3.86525,4.38714,-0.701289
0.343551,4.38714,4.38714,-0.701289
0.34477,4.90903,4.38714,-0.701289
0.329999,-5.00689,4.90903,-0.701289
0.306323,-4.48499,4.90903,-0.701289
0.2868,-3.9631,4.90903,-0.701289
0.235288,-3.44121,4.90903,-0.701289
0.0585988,0.73391,4.90903,-0.701289
0.256235,1.2558,4.90903,-0.701289
0.453576,1.77769,4.90903,-0.701289
0.536725,2.29958,4.90903,-0.701289
0.473597,2.82147,4.90903,-0.701289
0.416374,3.34336,4.90903,-0.701289
0.376371,3.86525,4.90903,-0.701289
0.362048,4.38714,4.90903,-0.701289
0.363819,4.90903,4.90903,-0.701289
0.221129,-4.48499,5.43092,-0.701289
0.370406,1.77769,5.43092,-0.701289
0.513277,2.29958,5.43092,-0.701289
0.484414,2.82147,5.43092,-0.701289
0.446932,3.34336,5.43092,-0.701289
0.412902,3.86525,5.43092,-0.701289
0.384703,4.38714,5.43092,-0.701289
0.368873,4.90903,5.43092,-0.701289
0.164879,-4.48499,5.95281,-0.701289
0.418157,2.29958,5.95281,-0.701289
0.480802,2.82147,5.95281,-0.701289
0.476671,3.34336,5.95281,-0.701289
0.439915,3.86525,5.95281,-0.701289
0.404995,4.38714,5.95281,-0.701289
0.376067,4.90903,5.95281,-0.701289
0.194756,-4.48499,6.4747,-0.701289
0.483099,2.82147,6.4747,-0.701289
0.468068,3.34336,6.4747,-0.701289
0.426521,3.86525,6.4747,-0.701289
0.395344,4.38714,6.4747,-0.701289
0.488788,2.82147,6.99659,-0.701289
0.45648,3.34336,6.99659,-0.701289
0.413918,3.86525,6.99659,-0.701289
0.382681,4.38714,6.99659,-0.701289
0.426701,2.82147,7.51848,-0.701289
0.398696,3.34336,7.51848,-0.701289
0.425666,3.86525,7.51848,-0.701289
0.379007,2.82147,8.04037,-0.701289
0.508589,3.34336,8.04037,-0.701289
0,2.29958,8.56227,-0.701289
0,2.82147,8.56227,-0.701289
0.429519,2.29958,-0.831762,-0.179399
0.402362,2.82147,-0.831762,-0.179399
0.467007,1.2558,-0.309872,-0.179399
0.423041,1.77769,-0.309872,-0.179399
0.397875,2.29958,-0.309872,-0.179399
0.391986,2.82147,-0.309872,-0.179399
0.390108,3.34336,-0.309872,-0.179399
0.385908,3.86525,-0.309872,-0.179399
0.576245,-3.44121,0.212019,-0.179399
0.528498,-2.91932,0.212019,-0.179399
0.527408,-2.39743,0.212019,-0.179399
0.513733,-1.87554,0.212019,-0.179399
0.403203,0.73391,0.212019,-0.179399
0.361388,1.2558,0.212019,-0.179399
0.331177,1.77769,0.212019,-0.179399
0.321253,2.29958,0.212019,-0.179399
0.332317,2.82147,0.212019,-0.179399
0.352147,3.34336,0.212019,-0.179399
0.388383,3.86525,0.212019,-0.179399
0.424498,4.38714,0.212019,-0.179399
0.544159,-3.9631,0.73391,-0.179399
0.473305,-3.44121,0.73391,-0.179399
0.440568,-2.91932,0.73391,-0.179399
0.452458,-2.39743,0.73391,-0.179399
0.456622,-1.87554,0.73391,-0.179399
0.2568,0.212019,0.73391,-0.179399
0.300125,0.73391,0.73391,-0.179399
0.279116,1.2558,0.73391,-0.179399
0.261922,1.77769,0.73391,-0.179399
0.26396,2.29958,0.73391,-0.179399
0.287943,2.82147,0.73391,-0.179399
0.317325,3.34336,0.73391,-0.179399
0.363295,3.86525,0.73391,-0.179399
0.412177,4.38714,0.73391,-0.179399
0.442802,4.90903,0.73391,-0.179399
0.526804,-4.48499,1.2558,-0.179399
0.453596,-3.9631,1.2558,-0.179399
0.395095,-3.44121,1.2558,-0.179399
0.368351,-2.91932,1.2558,-0.179399
0.381029,-2.39743,1.2558,-0.179399
0.406324,-1.87554,1.2558,-0.179399
0.247525,-1.35365,1.2558,-0.179399
0.163645,-0.309872,1.2558,-0.179399
0.212774,0.212019,1.2558,-0.179399
0.230782,0.73391,1.2558,-0.179399
0.21361,1.2558,1.2558,-0.179399
0.205379,1.77769,1.2558,-0.179399
0.220922,2.29958,1.2558,-0.179399
0.258509,2.82147,1.2558,-0.179399
0.297728,3.34336,1.2558,-0.179399
0.351274,3.86525,1.2558,-0.179399
0.408509,4.38714,1.2558,-0.179399
0.453939,4.90903,1.2558,-0.179399
0.43237,5.43092,1.2558,-0.179399
0.550407,-5.00689,1.77769,-0.179399
0.474,-4.48499,1.77769,-0.179399
0.400208,-3.9631,1.77769,-0.179399
0.342525,-3.44121,1.77769,-0.179399
0.322774,-2.91932,1.77769,-0.179399
0.334424,-2.39743,1.77769,-0.179399
0.358828,-1.87554,1.77769,-0.179399
0.244934,-1.35365,1.77769,-0.179399
0.162936,-0.831762,1.77769,-0.179399
0.149578,-0.309872,1.77769,-0.179399
0.174847,0.212019,1.77769,-0.179399
0.181034,0.73391,1.77769,-0.179399
0.172501,1.2558,1.77769,-0.179399
0.178203,1.77769,1.77769,-0.179399
0.207094,2.29958,1.77769,-0.179399
0.250988,2.82147,1.77769,-0.179399
0.291983,3.34336,1.77769,-0.179399
0.342382,3.86525,1.77769,-0.179399
0.39925,4.38714,1.77769,-0.179399
0.451486,4.90903,1.77769,-0.179399
0.447647,5.43092,1.77769,-0.179399
0.501452,-5.00689,2.29958,-0.179399
0.430586,-4.48499,2.29958,-0.179399
0.366442,-3.9631,2.29958,-0.179399
0.313113,-3.44121,2.29958,-0.179399
0.291818,-2.91932,2.29958,-0.179399
0.294024,-2.39743,2.29958,-0.179399
0.299952,-1.87554,2.29958,-0.179399
0.222039,-1.35365,2.29958,-0.179399
0.166774,-0.831762,2.29958,-0.179399
0.155094,-0.309872,2.29958,-0.179399
0.164849,0.212019,2.29958,-0.179399
0.162513,0.73391,2.29958,-0.179399
0.161305,1.2558,2.29958,-0.179399
0.180234,1.77769,2.29958,-0.179399
0.223568,2.29958,2.29958,-0.179399
0.263713,2.82147,2.29958,-0.179399
0.295534,3.34336,2.29958,-0.179399
0.338147,3.86525,2.29958,-0.179399
0.382427,4.38714,2.29958,-0.179399
0.424101,4.90903,2.29958,-0.179399
0.441403,5.43092,2.29958,-0.179399
0.578059,-5.52878,2.82147,-0.179399
0.466595,-5.00689,2.82147,-0.179399
0.414221,-4.48499,2.82147,-0.179399
0.368877,-3.9631,2.82147,-0.179399
0.318824,-3.44121,2.82147,-0.179399
0.299945,-2.91932,2.82147,-0.179399
0.295121,-2.39743,2.82147,-0.179399
0.290226,-1.87554,2.82147,-0.179399
0.231794,-1.35365,2.82147,-0.179399
0.185603,-0.831762,2.82147,-0.179399
0.162605,-0.309872,2.82147,-0.179399
0.168802,0.212019,2.82147,-0.179399
0.17817,0.73391,2.82147,-0.179399
0.186844,1.2558,2.82147,-0.179399
0.210464,1.77769,2.82147,-0.179399
0.257934,2.29958,2.82147,-0.179399
0.287734,2.82147,2.82147,-0.179399
0.308757,3.34336,2.82147,-0.179399
0.341243,3.86525,2.82147,-0.179399
0.369072,4.38714,2.82147,-0.179399
0.399613,4.90903,2.82147,-0.179399
0.405108,5.43092,2.82147,-0.179399
0.488085,-5.52878,3.34336,-0.179399
0.426808,-5.00689,3.34336,-0.179399
0.399393,-4.48499,3.34336,-0.179399
0.368431,-3.9631,3.34336,-0.179399
0.332052,-3.44121,3.34336,-0.179399
0.314324,-2.91932,3.34336,-0.179399
0.298957,-2.39743,3.34336,-0.179399
0.281085,-1.87554,3.34336,-0.179399
0.232157,-1.35365,3.34336,-0.179399
0.187022,-0.831762,3.34336,-0.179399
0.177959,-0.309872,3.34336,-0.179399
0.213285,0.212019,3.34336,-0.179399
0.260206,0.73391,3.34336,-0.179399
0.286649,1.2558,3.34336,-0.179399
0.30982,1.77769,3.34336,-0.179399
0.350244,2.29958,3.34336,-0.179399
0.338862,2.82147,3.34336,-0.179399
0.327725,3.34336,3.34336,-0.179399
0.337034,3.86525,3.34336,-0.179399
0.345437,4.38714,3.34336,-0.179399
0.358009,4.90903,3.34336,-0.179399
0.340139,5.43092,3.34336,-0.179399
0.355201,-5.00689,3.86525,-0.179399
0.369393,-4.48499,3.86525,-0.179399
0.35999,-3.9631,3.86525,-0.179399
0.346593,-3.44121,3.86525,-0.179399
0.324051,-2.91932,3.86525,-0.179399
0.29642,-2.39743,3.86525,-0.179399
0.255422,-1.87554,3.86525,-0.179399
0.208141,-1.35365,3.86525,-0.179399
0.171279,-0.831762,3.86525,-0.179399
0.220829,-0.309872,3.86525,-0.179399
0.271258,0.212019,3.86525,-0.179399
0.345721,0.73391,3.86525,-0.179399
0.422333,1.2558,3.86525,-0.179399
0.443642,1.77769,3.86525,-0.179399
0.453094,2.29958,3.86525,-0.179399
0.402335,2.82147,3.86525,-0.179399
0.359012,3.34336,3.86525,-0.179399
0.344329,3.86525,3.86525,-0.179399
0.339135,4.38714,3.86525,-0.179399
0.341648,4.90903,3.86525,-0.179399
0.319558,5.43092,3.86525,-0.179399
0.310202,-5.00689,4.38714,-0.179399
0.344643,-4.48499,4.38714,-0.179399
0.347651,-3.9631,4.38714,-0.179399
0.336578,-3.44121,4.38714,-0.179399
0.308525,-2.91932,4.38714,-0.179399
0.275433,-2.39743,4.38714,-0.179399
0.23704,-1.87554,4.38714,-0.179399
0.197018,-1.35365,4.38714,-0.179399
0.160746,-0.831762,4.38714,-0.179399
0.241816,-0.309872,4.38714,-0.179399
0.297773,0.212019,4.38714,-0.179399
0.356244,0.73391,4.38714,-0.179399
0.4972,1.2558,4.38714,-0.179399
0.52901,1.77769,4.38714,-0.179399
0.515742,2.29958,4.38714,-0.179399
0.449803,2.82147,4.38714,-0.179399
0.397393,3.34336,4.38714,-0.179399
0.361377,3.86525,4.38714,-0.179399
0.349127,4.38714,4.38714,-0.179399
0.344233,4.90903,4.38714,-0.179399
0.274152,5.43092,4.38714,-0.179399
0.236807,-5.00689,4.90903,-0.179399
0.292398,-4.48499,4.90903,-0.179399
0.300304,-3.9631,4.90903,-0.179399
0.266703,-3.44121,4.90903,-0.179399
0.21554,-2.91932,4.90903,-0.179399
0.184013,-0.831762,4.90903,-0.179399
0.200412,-0.309872,4.90903,-0.179399
0.146723,0.212019,4.90903,-0.179399
0.143179,0.73391,4.90903,-0.179399
0.36109,1.2558,4.90903,-0.179399
0.501546,1.77769,4.90903,-0.179399
0.529662,2.29958,4.90903,-0.179399
0.464297,2.82147,4.90903,-0.179399
0.424141,3.34336,4.90903,-0.179399
0.394162,3.86525,4.90903,-0.179399
0.371679,4.38714,4.90903,-0.179399
0.357148,4.90903,4.90903,-0.179399
0.202554,-5.00689,5.43092,-0.179399
0.223327,-4.48499,5.43092,-0.179399
0.234158,-3.9631,5.43092,-0.179399
-0.494346,0.73391,5.43092,-0.179399
-0.0597428,1.2558,5.43092,-0.179399
0.275126,1.77769,5.43092,-0.179399
0.43854,2.29958,5.43092,-0.179399
0.452255,2.82147,5.43092,-0.179399
0.458715,3.34336,5.43092,-0.179399
0.446378,3.86525,5.43092,-0.179399
0.4034,4.38714,5.43092,-0.179399
0.358158,4.90903,5.43092,-0.179399
0.195496,-4.48499,5.95281,-0.179399
0.31677,2.29958,5.95281,-0.179399
0.453285,2.82147,5.95281,-0.179399
0.508373,3.34336,5.95281,-0.179399
0.491983,3.86525,5.95281,-0.179399
0.430624,4.38714,5.95281,-0.179399
0.12053,2.29958,6.4747,-0.179399
0.454416,2.82147,6.4747,-0.179399
0.513651,3.34336,6.4747,-0.179399
0.48996,3.86525,6.4747,-0.179399
0.449305,4.38714,6.4747,-0.179399
0.417897,2.82147,6.99659,-0.179399
0.491707,3.34336,6.99659,-0.179399
0.46268,3.86525,6.99659,-0.179399
0.448872,4.38714,6.99659,-0.179399
0.281855,2.82147,7.51848,-0.179399
0.398132,3.34336,7.51848,-0.179399
0.442413,3.86525,7.51848,-0.179399
0.150531,2.82147,8.04037,-0.179399
0.393658,3.34336,8.04037,-0.179399
0,2.82147,8.56227,-0.179399
0.502865,1.77769,-0.831762,0.342491
0.504144,2.29958,-0.831762,0.342491
0.497524,2.82147,-0.831762,0.342491
0.504862,3.34336,-0.831762,0.342491
0.486032,0.73391,-0.309872,0.342491
0.43916,1.2558,-0.309872,0.342491
0.407977,1.77769,-0.309872,0.342491
0.408081,2.29958,-0.309872,0.342491
0.419131,2.82147,-0.309872,0.342491
0.44171,3.34336,-0.309872,0.342491
0.455894,3.86525,-0.309872,0.342491
0.519596,-3.9631,0.212019,0.342491
0.449658,-3.44121,0.212019,0.342491
0.406871,-2.91932,0.212019,0.342491
0.39602,-2.39743,0.212019,0.342491
0.295727,-1.87554,0.212019,0.342491
0.381639,0.73391,0.212019,0.342491
0.345187,1.2558,0.212019,0.342491
0.320238,1.77769,0.212019,0.342491
0.322452,2.29958,0.212019,0.342491
0.341595,2.82147,0.212019,0.342491
0.374158,3.34336,0.212019,0.342491
0.414158,3.86525,0.212019,0.342491
0.461429,4.38714,0.212019,0.342491
0.482675,4.90903,0.212019,0.342491
0.543436,-4.48499,0.73391,0.342491
0.455366,-3.9631,0.73391,0.342491
0.385999,-3.44121,0.73391,0.342491
0.351039,-2.91932,0.73391,0.342491
0.355818,-2.39743,0.73391,0.342491
0.314382,-1.87554,0.73391,0.342491
0.181739,-1.35365,0.73391,0.342491
0.280942,0.212019,0.73391,0.342491
0.291428,0.73391,0.73391,0.342491
0.266344,1.2558,0.73391,0.342491
0.251022,1.77769,0.73391,0.342491
0.258992,2.29958,0.73391,0.342491
0.289151,2.82147,0.73391,0.342491
0.32471,3.34336,0.73391,0.342491
0.366859,3.86525,0.73391,0.342491
0.414563,4.38714,0.73391,0.342491
0.459679,4.90903,0.73391,0.342491
0.475519,-4.48499,1.2558,0.342491
0.396484,-3.9631,1.2558,0.342491
0.337385,-3.44121,1.2558,0.342491
0.307783,-2.91932,1.2558,0.342491
0.315212,-2.39743,1.2558,0.342491
0.308578,-1.87554,1.2558,0.342491
0.198464,-1.35365,1.2558,0.342491
0.121263,-0.831762,1.2558,0.342491
0.15371,-0.309872,1.2558,0.342491
0.217343,0.212019,1.2558,0.342491
0.218419,0.73391,1.2558,0.342491
0.198534,1.2558,1.2558,0.342491
0.192498,1.77769,1.2558,0.342491
0.209156,2.29958,1.2558,0.342491
0.250064,2.82147,1.2558,0.342491
0.29269,3.34336,1.2558,0.342491
0.342015,3.86525,1.2558,0.342491
0.395419,4.38714,1.2558,0.342491
0.45491,4.90903,1.2558,0.342491
0.458135,5.43092,1.2558,0.342491
0.529652,-5.00689,1.77769,0.342491
0.437169,-4.48499,1.77769,0.342491
0.361941,-3.9631,1.77769,0.342491
0.306266,-3.44121,1.77769,0.342491
0.279244,-2.91932,1.77769,0.342491
0.286479,-2.39743,1.77769,0.342491
0.286417,-1.87554,1.77769,0.342491
0.201352,-1.35365,1.77769,0.342491
0.141689,-0.831762,1.77769,0.342491
0.136948,-0.309872,1.77769,0.342491
0.171278,0.212019,1.77769,0.342491
0.172513,0.73391,1.77769,0.342491
0.16053,1.2558,1.77769,0.342491
0.167248,1.77769,1.77769,0.342491
0.201751,2.29958,1.77769,0.342491
0.24702,2.82147,1.77769,0.342491
0.281763,3.34336,1.77769,0.342491
0.32955,3.86525,1.77769,0.342491
0.381077,4.38714,1.77769,0.342491
0.435485,4.90903,1.77769,0.342491
0.447851,5.43092,1.77769,0.342491
0.489716,-5.00689,2.29958,0.342491
0.416878,-4.48499,2.29958,0.342491
0.352376,-3.9631,2.29958,0.342491
0.301304,-3.44121,2.29958,0.342491
0.274829,-2.91932,2.29958,0.342491
0.271363,-2.39743,2.29958,0.342491
0.268987,-1.87554,2.29958,0.342491
0.210264,-1.35365,2.29958,0.342491
0.163189,-0.831762,2.29958,0.342491
0.145549,-0.309872,2.29958,0.342491
0.15274,0.212019,2.29958,0.342491
0.159574,0.73391,2.29958,0.342491
0.155389,1.2558,2.29958,0.342491
0.172121,1.77769,2.29958,0.342491
0.224417,2.29958,2.29958,0.342491
0.268988,2.82147,2.29958,0.342491
0.290234,3.34336,2.29958,0.342491
0.328196,3.86525,2.29958,0.342491
0.371992,4.38714,2.29958,0.342491
0.412849,4.90903,2.29958,0.342491
0.45037,5.43092,2.29958,0.342491
0.539718,-5.52878,2.82147,0.342491
0.45728,-5.00689,2.82147,0.342491
0.408781,-4.48499,2.82147,0.342491
0.359205,-3.9631,2.82147,0.342491
0.31474,-3.44121,2.82147,0.342491
0.289903,-2.91932,2.82147,0.342491
0.274598,-2.39743,2.82147,0.342491
0.264423,-1.87554,2.82147,0.342491
0.22059,-1.35365,2.82147,0.342491
0.169758,-0.831762,2.82147,0.342491
0.137505,-0.309872,2.82147,0.342491
0.143942,0.212019,2.82147,0.342491
0.194253,0.73391,2.82147,0.342491
0.207567,1.2558,2.82147,0.342491
0.21796,1.77769,2.82147,0.342491
0.274067,2.29958,2.82147,0.342491
0.302117,2.82147,2.82147,0.342491
0.309711,3.34336,2.82147,0.342491
0.336171,3.86525,2.82147,0.342491
0.365655,4.38714,2.82147,0.342491
0.396888,4.90903,2.82147,0.342491
0.423362,5.43092,2.82147,0.342491
0.453756,-5.52878,3.34336,0.342491
0.426094,-5.00689,3.34336,0.342491
0.39997,-4.48499,3.34336,0.342491
0.364201,-3.9631,3.34336,0.342491
0.330226,-3.44121,3.34336,0.342491
0.300975,-2.91932,3.34336,0.342491
0.278172,-2.39743,3.34336,0.342491
0.253657,-1.87554,3.34336,0.342491
0.207023,-1.35365,3.34336,0.342491
0.162051,-0.831762,3.34336,0.342491
0.149583,-0.309872,3.34336,0.342491
0.200584,0.212019,3.34336,0.342491
0.301774,0.73391,3.34336,0.342491
0.339599,1.2558,3.34336,0.342491
0.334317,1.77769,3.34336,0.342491
0.382532,2.29958,3.34336,0.342491
0.355,2.82147,3.34336,0.342491
0.330005,3.34336,3.34336,0.342491
0.338674,3.86525,3.34336,0.342491
0.346377,4.38714,3.34336,0.342491
0.356152,4.90903,3.34336,0.342491
0.346887,5.43092,3.34336,0.342491
0.396669,-5.00689,3.86525,0.342491
0.396635,-4.48499,3.86525,0.342491
0.378776,-3.9631,3.86525,0.342491
0.355965,-3.44121,3.86525,0.342491
0.321321,-2.91932,3.86525,0.342491
0.278609,-2.39743,3.86525,0.342491
0.234031,-1.87554,3.86525,0.342491
0.185583,-1.35365,3.86525,0.342491
0.171927,-0.831762,3.86525,0.342491
0.312963,0.73391,3.86525,0.342491
0.448791,1.2558,3.86525,0.342491
0.454784,1.77769,3.86525,0.342491
0.468999,2.29958,3.86525,0.342491
0.408164,2.82147,3.86525,0.342491
0.356232,3.34336,3.86525,0.342491
0.342974,3.86525,3.86525,0.342491
0.339112,4.38714,3.86525,0.342491
0.342484,4.90903,3.86525,0.342491
0.325168,5.43092,3.86525,0.342491
0.362739,-5.00689,4.38714,0.342491
0.377714,-4.48499,4.38714,0.342491
0.371433,-3.9631,4.38714,0.342491
0.352451,-3.44121,4.38714,0.342491
0.316212,-2.91932,4.38714,0.342491
0.266736,-2.39743,4.38714,0.342491
0.229346,-1.87554,4.38714,0.342491
0.178575,-1.35365,4.38714,0.342491
0.515677,1.77769,4.38714,0.342491
0.488792,2.29958,4.38714,0.342491
0.445082,2.82147,4.38714,0.342491
0.38932,3.34336,4.38714,0.342491
0.358955,3.86525,4.38714,0.342491
0.351442,4.38714,4.38714,0.342491
0.354061,4.90903,4.38714,0.342491
0.30006,5.43092,4.38714,0.342491
0.300378,-5.00689,4.90903,0.342491
0.331809,-4.48499,4.90903,0.342491
0.330428,-3.9631,4.90903,0.342491
0.30581,-3.44121,4.90903,0.342491
0.278821,-2.91932,4.90903,0.342491
0.254866,-2.39743,4.90903,0.342491
0.282426,-1.87554,4.90903,0.342491
0.239687,-1.35365,4.90903,0.342491
0.425581,2.82147,4.90903,0.342491
0.398467,3.34336,4.90903,0.342491
0.396325,3.86525,4.90903,0.342491
0.385131,4.38714,4.90903,0.342491
0.384737,4.90903,4.90903,0.342491
0.271509,-5.00689,5.43092,0.342491
0.291498,-4.48499,5.43092,0.342491
0.313164,-3.9631,5.43092,0.342491
0.335916,-3.44121,5.43092,0.342491
0,-0.831762,5.43092,0.342491
0.401062,3.34336,5.43092,0.342491
0.448172,3.86525,5.43092,0.342491
0.427437,4.38714,5.43092,0.342491
0.397777,4.90903,5.43092,0.342491
0.357161,-4.48499,5.95281,0.342491
0.4299,-3.9631,5.95281,0.342491
0.434864,3.34336,5.95281,0.342491
0.498909,3.86525,5.95281,0.342491
0.455986,4.38714,5.95281,0.342491
0.65698,-3.9631,6.4747,0.342491
0.445344,3.34336,6.4747,0.342491
0.499436,3.86525,6.4747,0.342491
0.455896,4.38714,6.4747,0.342491
0.399509,3.86525,6.99659,0.342491
0.48422,1.2558,-0.831762,0.864382
0.45712,1.77769,-0.831762,0.864382
0.459149,2.29958,-0.831762,0.864382
0.479896,2.82147,-0.831762,0.864382
0.516927,3.34336,-0.831762,0.864382
0.511461,3.86525,-0.831762,0.864382
0.318621,-2.91932,-0.309872,0.864382
0.309106,-2.39743,-0.309872,0.864382
0.430175,0.73391,-0.309872,0.864382
0.385648,1.2558,-0.309872,0.864382
0.362241,1.77769,-0.309872,0.864382
0.367855,2.29958,-0.309872,0.864382
0.393708,2.82147,-0.309872,0.864382
0.439336,3.34336,-0.309872,0.864382
0.476595,3.86525,-0.309872,0.864382
0.500162,4.38714,-0.309872,0.864382
0.453174,-3.9631,0.212019,0.864382
0.393814,-3.44121,0.212019,0.864382
0.353335,-2.91932,0.212019,0.864382
0.339497,-2.39743,0.212019,0.864382
0.248867,-1.87554,0.212019,0.864382
0.353698,0.212019,0.212019,0.864382
0.342959,0.73391,0.212019,0.864382
0.312101,1.2558,0.212019,0.864382
0.293701,1.77769,0.212019,0.864382
0.302412,2.29958,0.212019,0.864382
0.328679,2.82147,0.212019,0.864382
0.366997,3.34336,0.212019,0.864382
0.411432,3.86525,0.212019,0.864382
0.448386,4.38714,0.212019,0.864382
0.463962,4.90903,0.212019,0.864382
0.474852,-4.48499,0.73391,0.864382
0.399062,-3.9631,0.73391,0.864382
0.345636,-3.44121,0.73391,0.864382
0.313646,-2.91932,0.73391,0.864382
0.310907,-2.39743,0.73391,0.864382
0.25195,-1.87554,0.73391,0.864382
0.149914,-1.35365,0.73391,0.864382
0.175978,-0.309872,0.73391,0.864382
0.261055,0.212019,0.73391,0.864382
0.276586,0.73391,0.73391,0.864382
0.246806,1.2558,0.73391,0.864382
0.234908,1.77769,0.73391,0.864382
0.248638,2.29958,0.73391,0.864382
0.281187,2.82147,0.73391,0.864382
0.317599,3.34336,0.73391,0.864382
0.359437,3.86525,0.73391,0.864382
0.390629,4.38714,0.73391,0.864382
0.423417,4.90903,0.73391,0.864382
0.492899,-5.00689,1.2558,0.864382
0.425577,-4.48499,1.2558,0.864382
0.361628,-3.9631,1.2558,0.864382
0.309926,-3.44121,1.2558,0.864382
0.282418,-2.91932,1.2558,0.864382
0.282389,-2.39743,1.2558,0.864382
0.246875,-1.87554,1.2558,0.864382
0.162506,-1.35365,1.2558,0.864382
0.109924,-0.831762,1.2558,0.864382
0.139849,-0.309872,1.2558,0.864382
0.199619,0.212019,1.2558,0.864382
0.210906,0.73391,1.2558,0.864382
0.188647,1.2558,1.2558,0.864382
0.188398,1.77769,1.2558,0.864382
0.209669,2.29958,1.2558,0.864382
0.246523,2.82147,1.2558,0.864382
0.281613,3.34336,1.2558,0.864382
0.32434,3.86525,1.2558,0.864382
0.361815,4.38714,1.2558,0.864382
0.407786,4.90903,1.2558,0.864382
0.415058,5.43092,1.2558,0.864382
0.474759,-5.00689,1.77769,0.864382
0.402129,-4.48499,1.77769,0.864382
0.335426,-3.9631,1.77769,0.864382
0.287422,-3.44121,1.77769,0.864382
0.262485,-2.91932,1.77769,0.864382
0.263195,-2.39743,1.77769,0.864382
0.235905,-1.87554,1.77769,0.864382
0.17018,-1.35365,1.77769,0.864382
0.129876,-0.831762,1.77769,0.864382
0.128868,-0.309872,1.77769,0.864382
0.169315,0.212019,1.77769,0.864382
0.173245,0.73391,1.77769,0.864382
0.154092,1.2558,1.77769,0.864382
0.164679,1.77769,1.77769,0.864382
0.211364,2.29958,1.77769,0.864382
0.251534,2.82147,1.77769,0.864382
0.277274,3.34336,1.77769,0.864382
0.3168,3.86525,1.77769,0.864382
0.357617,4.38714,1.77769,0.864382
0.399153,4.90903,1.77769,0.864382
0.411909,5.43092,1.77769,0.864382
0.526207,-5.52878,2.29958,0.864382
0.461208,-5.00689,2.29958,0.864382
0.397587,-4.48499,2.29958,0.864382
0.339089,-3.9631,2.29958,0.864382
0.29627,-3.44121,2.29958,0.864382
0.269469,-2.91932,2.29958,0.864382
0.25466,-2.39743,2.29958,0.864382
0.237828,-1.87554,2.29958,0.864382
0.198086,-1.35365,2.29958,0.864382
0.157135,-0.831762,2.29958,0.864382
0.13859,-0.309872,2.29958,0.864382
0.155572,0.212019,2.29958,0.864382
0.15719,0.73391,2.29958,0.864382
0.229382,2.29958,2.29958,0.864382
0.275559,2.82147,2.29958,0.864382
0.29481,3.34336,2.29958,0.864382
0.324139,3.86525,2.29958,0.864382
0.361942,4.38714,2.29958,0.864382
0.399405,4.90903,2.29958,0.864382
0.424748,5.43092,2.29958,0.864382
0.515213,-5.52878,2.82147,0.864382
0.452932,-5.00689,2.82147,0.864382
0.404236,-4.48499,2.82147,0.864382
0.354322,-3.9631,2.82147,0.864382
0.311739,-3.44121,2.82147,0.864382
0.28158,-2.91932,2.82147,0.864382
0.255882,-2.39743,2.82147,0.864382
0.238441,-1.87554,2.82147,0.864382
0.180447,-0.831762,2.82147,0.864382
0.1525,-0.309872,2.82147,0.864382
0.15374,0.212019,2.82147,0.864382
0.172374,0.73391,2.82147,0.864382
0.207055,1.77769,2.82147,0.864382
0.280077,2.29958,2.82147,0.864382
0.314928,2.82147,2.82147,0.864382
0.318981,3.34336,2.82147,0.864382
0.338669,3.86525,2.82147,0.864382
0.365811,4.38714,2.82147,0.864382
0.396367,4.90903,2.82147,0.864382
0.419893,5.43092,2.82147,0.864382
0.456357,-5.52878,3.34336,0.864382
0.439217,-5.00689,3.34336,0.864382
0.406219,-4.48499,3.34336,0.864382
0.370361,-3.9631,3.34336,0.864382
0.327296,-3.44121,3.34336,0.864382
0.290662,-2.91932,3.34336,0.864382
0.265419,-2.39743,3.34336,0.864382
0.216804,-1.87554,3.34336,0.864382
0.291719,1.77769,3.34336,0.864382
0.408051,2.29958,3.34336,0.864382
0.371168,2.82147,3.34336,0.864382
0.34265,3.34336,3.34336,0.864382
0.347208,3.86525,3.34336,0.864382
0.356615,4.38714,3.34336,0.864382
0.367216,4.90903,3.34336,0.864382
0.362124,5.43092,3.34336,0.864382
0.418491,-5.52878,3.86525,0.864382
0.437761,-5.00689,3.86525,0.864382
0.425601,-4.48499,3.86525,0.864382
0.407762,-3.9631,3.86525,0.864382
0.355816,-3.44121,3.86525,0.864382
0.31481,-2.91932,3.86525,0.864382
0.252567,-2.39743,3.86525,0.864382
0.395953,2.82147,3.86525,0.864382
0.366213,3.34336,3.86525,0.864382
0.350144,3.86525,3.86525,0.864382
0.347393,4.38714,3.86525,0.864382
0.349885,4.90903,3.86525,0.864382
0.341919,5.43092,3.86525,0.864382
0.399925,-5.00689,4.38714,0.864382
0.407912,-4.48499,4.38714,0.864382
0.39972,-3.9631,4.38714,0.864382
0.34805,-3.44121,4.38714,0.864382
0.306447,-2.91932,4.38714,0.864382
0.398298,3.34336,4.38714,0.864382
0.365108,3.86525,4.38714,0.864382
0.351679,4.38714,4.38714,0.864382
0.351478,4.90903,4.38714,0.864382
0.316573,5.43092,4.38714,0.864382
0.337255,-5.00689,4.90903,0.864382
0.356325,-4.48499,4.90903,0.864382
0.346469,-3.9631,4.90903,0.864382
0.305874,-3.44121,4.90903,0.864382
0.275578,-2.91932,4.90903,0.864382
0.394188,3.34336,4.90903,0.864382
0.390232,3.86525,4.90903,0.864382
0.380352,4.38714,4.90903,0.864382
0.372149,4.90903,4.90903,0.864382
0.316988,5.43092,4.90903,0.864382
0.284033,-5.00689,5.43092,0.864382
0.318792,-4.48499,5.43092,0.864382
0.349019,-3.9631,5.43092,0.864382
0.364,-3.44121,5.43092,0.864382
0.347734,-2.91932,5.43092,0.864382
0.227857,-2.39743,5.43092,0.864382
0.397008,3.86525,5.43092,0.864382
0.428769,4.38714,5.43092,0.864382
0.400029,4.90903,5.43092,0.864382
0.418483,-4.48499,5.95281,0.864382
0.473712,-3.9631,5.95281,0.864382
0.57261,-3.44121,5.95281,0.864382
0.431948,3.86525,5.95281,0.864382
0.478842,4.38714,5.95281,0.864382
0.697557,-3.9631,6.4747,0.864382
0.443816,3.86525,6.4747,0.864382
0.5178,4.38714,6.4747,0.864382
0.335829,4.38714,6.99659,0.864382
0.521498,1.77769,-1.35365,1.38627
0.543737,2.29958,-1.35365,1.38627
0.43634,0.73391,-0.831762,1.38627
0.401782,1.2558,-0.831762,1.38627
0.395114,1.77769,-0.831762,1.38627
0.408065,2.29958,-0.831762,1.38627
0.428403,2.82147,-0.831762,1.38627
0.459242,3.34336,-0.831762,1.38627
0.46684,3.86525,-0.831762,1.38627
0.337237,-3.44121,-0.309872,1.38627
0.266609,-2.91932,-0.309872,1.38627
0.268486,-2.39743,-0.309872,1.38627
0.371758,0.212019,-0.309872,1.38627
0.362162,0.73391,-0.309872,1.38627
0.328733,1.2558,-0.309872,1.38627
0.316581,1.77769,-0.309872,1.38627
0.330079,2.29958,-0.309872,1.38627
0.359428,2.82147,-0.309872,1.38627
0.399107,3.34336,-0.309872,1.38627
0.4384,3.86525,-0.309872,1.38627
0.455709,4.38714,-0.309872,1.38627
0.429465,-4.48499,0.212019,1.38627
0.389894,-3.9631,0.212019,1.38627
0.345685,-3.44121,0.212019,1.38627
0.303653,-2.91932,0.212019,1.38627
0.292156,-2.39743,0.212019,1.38627
0.188207,-1.87554,0.212019,1.38627
0.165574,-0.309872,0.212019,1.38627
0.308158,0.212019,0.212019,1.38627
0.309632,0.73391,0.212019,1.38627
0.278813,1.2558,0.212019,1.38627
0.267231,1.77769,0.212019,1.38627
0.281686,2.29958,0.212019,1.38627
0.312152,2.82147,0.212019,1.38627
0.34761,3.34336,0.212019,1.38627
0.388117,3.86525,0.212019,1.38627
0.419728,4.38714,0.212019,1.38627
0.44023,4.90903,0.212019,1.38627
0.454507,-5.00689,0.73391,1.38627
0.41952,-4.48499,0.73391,1.38627
0.366202,-3.9631,0.73391,1.38627
0.317551,-3.44121,0.73391,1.38627
0.280747,-2.91932,0.73391,1.38627
0.269583,-2.39743,0.73391,1.38627
0.196188,-1.87554,0.73391,1.38627
0.125627,-1.35365,0.73391,1.38627
0.117815,-0.831762,0.73391,1.38627
0.159021,-0.309872,0.73391,1.38627
0.256679,0.212019,0.73391,1.38627
0.263321,0.73391,0.73391,1.38627
0.23101,1.2558,0.73391,1.38627
0.225475,1.77769,0.73391,1.38627
0.243684,2.29958,0.73391,1.38627
0.276598,2.82147,0.73391,1.38627
0.308623,3.34336,0.73391,1.38627
0.343334,3.86525,0.73391,1.38627
0.372776,4.38714,0.73391,1.38627
0.414487,4.90903,0.73391,1.38627
0.431317,5.43092,0.73391,1.38627
0.463525,-5.00689,1.2558,1.38627
0.408687,-4.48499,1.2558,1.38627
0.350712,-3.9631,1.2558,1.38627
0.297545,-3.44121,1.2558,1.38627
0.263139,-2.91932,1.2558,1.38627
0.248049,-2.39743,1.2558,1.38627
0.19542,-1.87554,1.2558,1.38627
0.134277,-1.35365,1.2558,1.38627
0.107305,-0.831762,1.2558,1.38627
0.138824,-0.309872,1.2558,1.38627
0.21115,0.212019,1.2558,1.38627
0.212721,0.73391,1.2558,1.38627
0.185737,1.2558,1.2558,1.38627
0.191584,1.77769,1.2558,1.38627
0.220231,2.29958,1.2558,1.38627
0.256675,2.82147,1.2558,1.38627
0.282204,3.34336,1.2558,1.38627
0.315982,3.86525,1.2558,1.38627
0.351498,4.38714,1.2558,1.38627
0.397965,4.90903,1.2558,1.38627
0.45294,5.43092,1.2558,1.38627
0.443388,-5.00689,1.77769,1.38627
0.388917,-4.48499,1.77769,1.38627
0.336196,-3.9631,1.77769,1.38627
0.282667,-3.44121,1.77769,1.38627
0.255271,-2.91932,1.77769,1.38627
0.235547,-2.39743,1.77769,1.38627
0.189376,-1.87554,1.77769,1.38627
0.135726,-1.35365,1.77769,1.38627
0.122234,-0.831762,1.77769,1.38627
0.132701,-0.309872,1.77769,1.38627
0.175675,0.212019,1.77769,1.38627
0.177003,0.73391,1.77769,1.38627
0.222849,2.29958,1.77769,1.38627
0.270066,2.82147,1.77769,1.38627
0.285255,3.34336,1.77769,1.38627
0.313473,3.86525,1.77769,1.38627
0.351729,4.38714,1.77769,1.38627
0.396549,4.90903,1.77769,1.38627
0.440959,5.43092,1.77769,1.38627
0.462229,-5.52878,2.29958,1.38627
0.447338,-5.00689,2.29958,1.38627
0.403081,-4.48499,2.29958,1.38627
0.357962,-3.9631,2.29958,1.38627
0.304852,-3.44121,2.29958,1.38627
0.268453,-2.91932,2.29958,1.38627
0.227219,-2.39743,2.29958,1.38627
0.185405,-1.87554,2.29958,1.38627
0.153531,-1.35365,2.29958,1.38627
0.135595,-0.831762,2.29958,1.38627
0.129102,-0.309872,2.29958,1.38627
0.140552,0.212019,2.29958,1.38627
0.292143,2.82147,2.29958,1.38627
0.305709,3.34336,2.29958,1.38627
0.332028,3.86525,2.29958,1.38627
0.367929,4.38714,2.29958,1.38627
0.411753,4.90903,2.29958,1.38627
0.471099,5.43092,2.29958,1.38627
0.450899,-5.52878,2.82147,1.38627
0.442893,-5.00689,2.82147,1.38627
0.412029,-4.48499,2.82147,1.38627
0.370488,-3.9631,2.82147,1.38627
0.31902,-3.44121,2.82147,1.38627
0.27135,-2.91932,2.82147,1.38627
0.32302,2.82147,2.82147,1.38627
0.335741,3.34336,2.82147,1.38627
0.362328,3.86525,2.82147,1.38627
0.386911,4.38714,2.82147,1.38627
0.422253,4.90903,2.82147,1.38627
0.463921,5.43092,2.82147,1.38627
0.416996,-5.52878,3.34336,1.38627
0.441284,-5.00689,3.34336,1.38627
0.416426,-4.48499,3.34336,1.38627
0.385594,-3.9631,3.34336,1.38627
0.327153,-3.44121,3.34336,1.38627
0.36475,3.34336,3.34336,1.38627
0.384994,3.86525,3.34336,1.38627
0.393994,4.38714,3.34336,1.38627
0.412186,4.90903,3.34336,1.38627
0.425963,5.43092,3.34336,1.38627
0.376334,-5.52878,3.86525,1.38627
0.447978,-5.00689,3.86525,1.38627
0.447837,-4.48499,3.86525,1.38627
0.433777,-3.9631,3.86525,1.38627
0.333315,-3.44121,3.86525,1.38627
0.383966,3.86525,3.86525,1.38627
0.392689,4.38714,3.86525,1.38627
0.40572,4.90903,3.86525,1.38627
0.398841,5.43092,3.86525,1.38627
0.4092,-5.00689,4.38714,1.38627
0.420247,-4.48499,4.38714,1.38627
0.406883,-3.9631,4.38714,1.38627
0.387956,3.86525,4.38714,1.38627
0.393685,4.38714,4.38714,1.38627
0.395587,4.90903,4.38714,1.38627
0.32712,5.43092,4.38714,1.38627
0.34188,-5.00689,4.90903,1.38627
0.339897,-4.48499,4.90903,1.38627
0.329227,-3.9631,4.90903,1.38627
0.400501,3.86525,4.90903,1.38627
0.408948,4.38714,4.90903,1.38627
0.411265,4.90903,4.90903,1.38627
0.327368,-4.48499,5.43092,1.38627
0.326162,-3.9631,5.43092,1.38627
0.457482,4.38714,5.43092,1.38627
0.433079,4.90903,5.43092,1.38627
0.461456,-4.48499,5.95281,1.38627
0.453057,-3.9631,5.95281,1.38627
0.468438,-3.44121,5.95281,1.38627
0.462967,4.38714,5.95281,1.38627
0.443299,4.90903,5.95281,1.38627
0.698158,-3.9631,6.4747,1.38627
0.766391,-3.44121,6.4747,1.38627
0.533811,4.38714,6.4747,1.38627
0,-3.9631,6.99659,1.38627
0,-2.91932,6.99659,1.38627
0.440015,1.77769,-1.35365,1.90816
0.428327,2.29958,-1.35365,1.90816
0.440841,2.82147,-1.35365,1.90816
0.37621,0.73391,-0.831762,1.90816
0.360525,1.2558,-0.831762,1.90816
0.350503,1.77769,-0.831762,1.90816
0.355261,2.29958,-0.831762,1.90816
0.376991,2.82147,-0.831762,1.90816
0.395226,3.34336,-0.831762,1.90816
0.404621,3.86525,-0.831762,1.90816
0.374582,-3.9631,-0.309872,1.90816
0.327812,-3.44121,-0.309872,1.90816
0.25852,-2.91932,-0.309872,1.90816
0.23249,-2.39743,-0.309872,1.90816
0.110536,-1.87554,-0.309872,1.90816
0.338669,0.212019,-0.309872,1.90816
0.324297,0.73391,-0.309872,1.90816
0.303683,1.2558,-0.309872,1.90816
0.292901,1.77769,-0.309872,1.90816
0.305898,2.29958,-0.309872,1.90816
0.33614,2.82147,-0.309872,1.90816
0.369802,3.34336,-0.309872,1.90816
0.400502,3.86525,-0.309872,1.90816
0.425957,4.38714,-0.309872,1.90816
0.407777,-4.48499,0.212019,1.90816
0.37806,-3.9631,0.212019,1.90816
0.318486,-3.44121,0.212019,1.90816
0.274596,-2.91932,0.212019,1.90816
0.250123,-2.39743,0.212019,1.90816
0.13712,-1.87554,0.212019,1.90816
0.0850632,-1.35365,0.212019,1.90816
0.151968,-0.309872,0.212019,1.90816
0.288889,0.212019,0.212019,1.90816
0.285211,0.73391,0.212019,1.90816
0.258415,1.2558,0.212019,1.90816
0.250832,1.77769,0.212019,1.90816
0.271378,2.29958,0.212019,1.90816
0.305194,2.82147,0.212019,1.90816
0.33893,3.34336,0.212019,1.90816
0.372273,3.86525,0.212019,1.90816
0.403161,4.38714,0.212019,1.90816
0.431637,4.90903,0.212019,1.90816
0.473707,-5.00689,0.73391,1.90816
0.4216,-4.48499,0.73391,1.90816
0.366552,-3.9631,0.73391,1.90816
0.301392,-3.44121,0.73391,1.90816
0.262429,-2.91932,0.73391,1.90816
0.233136,-2.39743,0.73391,1.90816
0.14596,-1.87554,0.73391,1.90816
0.091205,-1.35365,0.73391,1.90816
0.0887157,-0.831762,0.73391,1.90816
0.140467,-0.309872,0.73391,1.90816
0.244387,0.212019,0.73391,1.90816
0.245141,0.73391,0.73391,1.90816
0.2156,1.2558,0.73391,1.90816
0.21805,1.77769,0.73391,1.90816
0.246395,2.29958,0.73391,1.90816
0.281342,2.82147,0.73391,1.90816
0.313481,3.34336,0.73391,1.90816
0.343043,3.86525,0.73391,1.90816
0.374451,4.38714,0.73391,1.90816
0.414304,4.90903,0.73391,1.90816
0.496145,-5.00689,1.2558,1.90816
0.433914,-4.48499,1.2558,1.90816
0.367942,-3.9631,1.2558,1.90816
0.296769,-3.44121,1.2558,1.90816
0.254583,-2.91932,1.2558,1.90816
0.220287,-2.39743,1.2558,1.90816
0.150945,-1.87554,1.2558,1.90816
0.0964989,-1.35365,1.2558,1.90816
0.0879457,-0.831762,1.2558,1.90816
0.126952,-0.309872,1.2558,1.90816
0.201837,0.212019,1.2558,1.90816
0.199602,0.73391,1.2558,1.90816
0.175252,1.2558,1.2558,1.90816
0.185661,1.77769,1.2558,1.90816
0.227817,2.29958,1.2558,1.90816
0.269733,2.82147,1.2558,1.90816
0.292288,3.34336,1.2558,1.90816
0.31831,3.86525,1.2558,1.90816
0.352415,4.38714,1.2558,1.90816
0.397001,4.90903,1.2558,1.90816
0.451201,5.43092,1.2558,1.90816
0.532507,-5.52878,1.77769,1.90816
0.481406,-5.00689,1.77769,1.90816
0.419819,-4.48499,1.77769,1.90816
0.367566,-3.9631,1.77769,1.90816
0.305156,-3.44121,1.77769,1.90816
0.264738,-2.91932,1.77769,1.90816
0.149815,-1.87554,1.77769,1.90816
0.106196,-1.35365,1.77769,1.90816
0.10516,-0.831762,1.77769,1.90816
0.113164,-0.309872,1.77769,1.90816
0.172573,0.212019,1.77769,1.90816
0.165077,0.73391,1.77769,1.90816
0.28439,2.82147,1.77769,1.90816
0.306639,3.34336,1.77769,1.90816
0.326806,3.86525,1.77769,1.90816
0.35983,4.38714,1.77769,1.90816
0.401305,4.90903,1.77769,1.90816
0.446279,5.43092,1.77769,1.90816
0.491127,-5.52878,2.29958,1.90816
0.474994,-5.00689,2.29958,1.90816
0.424044,-4.48499,2.29958,1.90816
0.383417,-3.9631,2.29958,1.90816
0.331042,-3.44121,2.29958,1.90816
0.332103,3.34336,2.29958,1.90816
0.353776,3.86525,2.29958,1.90816
0.380775,4.38714,2.29958,1.90816
0.419917,4.90903,2.29958,1.90816
0.463945,5.43092,2.29958,1.90816
0.461388,-5.52878,2.82147,1.90816
0.46269,-5.00689,2.82147,1.90816
0.428011,-4.48499,2.82147,1.90816
0.40459,-3.9631,2.82147,1.90816
0.375754,3.34336,2.82147,1.90816
0.397671,3.86525,2.82147,1.90816
0.411467,4.38714,2.82147,1.90816
0.436289,4.90903,2.82147,1.90816
0.451996,5.43092,2.82147,1.90816
0.424928,-5.52878,3.34336,1.90816
0.447852,-5.00689,3.34336,1.90816
0.410408,-4.48499,3.34336,1.90816
0.435137,3.86525,3.34336,1.90816
0.424956,4.38714,3.34336,1.90816
0.433566,4.90903,3.34336,1.90816
0.421174,5.43092,3.34336,1.90816
0.380397,-5.52878,3.86525,1.90816
0.454773,-5.00689,3.86525,1.90816
0.428437,4.38714,3.86525,1.90816
0.432514,4.90903,3.86525,1.90816
0.403763,5.43092,3.86525,1.90816
0.294287,-5.52878,4.38714,1.90816
0.365662,-5.00689,4.38714,1.90816
0.437005,4.38714,4.38714,1.90816
0.428871,4.90903,4.38714,1.90816
0.347848,5.43092,4.38714,1.90816
0.277379,-5.00689,4.90903,1.90816
0.233593,-4.48499,4.90903,1.90816
0.458709,4.38714,4.90903,1.90816
0.443603,4.90903,4.90903,1.90816
-0.128238,-4.48499,5.43092,1.90816
0.458309,4.38714,5.43092,1.90816
0.46694,4.90903,5.43092,1.90816
0.00745933,-4.48499,5.95281,1.90816
-0.14162,-3.9631,5.95281,1.90816
0.381786,4.90903,5.95281,1.90816
0.11799,-3.9631,6.4747,1.90816
0.368811,0.73391,-1.35365,2.43005
0.382847,1.2558,-1.35365,2.43005
0.403467,1.77769,-1.35365,2.43005
0.404733,2.29958,-1.35365,2.43005
0.415523,2.82147,-1.35365,2.43005
0.423362,3.34336,-1.35365,2.43005
0.306481,0.212019,-0.831762,2.43005
0.315151,0.73391,-0.831762,2.43005
0.310863,1.2558,-0.831762,2.43005
0.316638,1.77769,-0.831762,2.43005
0.329918,2.29958,-0.831762,2.43005
0.357166,2.82147,-0.831762,2.43005
0.377747,3.34336,-0.831762,2.43005
0.393671,3.86525,-0.831762,2.43005
0.463839,-3.9631,-0.309872,2.43005
0.377398,-3.44121,-0.309872,2.43005
0.287141,-2.91932,-0.309872,2.43005
0.221554,-2.39743,-0.309872,2.43005
0.123288,-1.87554,-0.309872,2.43005
0.273406,0.212019,-0.309872,2.43005
0.277352,0.73391,-0.309872,2.43005
0.265069,1.2558,-0.309872,2.43005
0.267739,1.77769,-0.309872,2.43005
0.289233,2.29958,-0.309872,2.43005
0.324353,2.82147,-0.309872,2.43005
0.35808,3.34336,-0.309872,2.43005
0.392805,3.86525,-0.309872,2.43005
0.423962,4.38714,-0.309872,2.43005
0.472542,-4.48499,0.212019,2.43005
0.43137,-3.9631,0.212019,2.43005
0.353484,-3.44121,0.212019,2.43005
0.291749,-2.91932,0.212019,2.43005
0.235274,-2.39743,0.212019,2.43005
0.126948,-1.87554,0.212019,2.43005
0.0683323,-1.35365,0.212019,2.43005
0.0700119,-0.831762,0.212019,2.43005
0.126217,-0.309872,0.212019,2.43005
0.237855,0.212019,0.212019,2.43005
0.247272,0.73391,0.212019,2.43005
0.226959,1.2558,0.212019,2.43005
0.231185,1.77769,0.212019,2.43005
0.262327,2.29958,0.212019,2.43005
0.300181,2.82147,0.212019,2.43005
0.334305,3.34336,0.212019,2.43005
0.369147,3.86525,0.212019,2.43005
0.400307,4.38714,0.212019,2.43005
0.416155,4.90903,0.212019,2.43005
0.496179,-5.00689,0.73391,2.43005
0.461466,-4.48499,0.73391,2.43005
0.409355,-3.9631,0.73391,2.43005
0.338955,-3.44121,0.73391,2.43005
0.283292,-2.91932,0.73391,2.43005
0.220594,-2.39743,0.73391,2.43005
0.127422,-1.87554,0.73391,2.43005
0.0576185,-1.35365,0.73391,2.43005
0.053868,-0.831762,0.73391,2.43005
0.111249,-0.309872,0.73391,2.43005
0.203574,0.212019,0.73391,2.43005
0.215749,0.73391,0.73391,2.43005
0.191064,1.2558,0.73391,2.43005
0.209986,1.77769,0.73391,2.43005
0.249773,2.29958,0.73391,2.43005
0.28628,2.82147,0.73391,2.43005
0.315705,3.34336,0.73391,2.43005
0.347861,3.86525,0.73391,2.43005
0.385785,4.38714,0.73391,2.43005
0.425543,4.90903,0.73391,2.43005
0.517841,-5.52878,1.2558,2.43005
0.499552,-5.00689,1.2558,2.43005
0.444756,-4.48499,1.2558,2.43005
0.388287,-3.9631,1.2558,2.43005
0.304944,-3.44121,1.2558,2.43005
0.264548,-2.91932,1.2558,2.43005
0.0248805,-1.35365,1.2558,2.43005
0.0940051,-0.309872,1.2558,2.43005
0.167394,0.212019,1.2558,2.43005
0.172632,0.73391,1.2558,2.43005
0.157984,1.2558,1.2558,2.43005
0.289128,2.82147,1.2558,2.43005
0.30551,3.34336,1.2558,2.43005
0.32721,3.86525,1.2558,2.43005
0.368477,4.38714,1.2558,2.43005
0.41504,4.90903,1.2558,2.43005
0.469123,5.43092,1.2558,2.43005
0.519868,-5.52878,1.77769,2.43005
0.493918,-5.00689,1.77769,2.43005
0.44663,-4.48499,1.77769,2.43005
0.424982,-3.9631,1.77769,2.43005
0.179544,0.212019,1.77769,2.43005
0.335719,3.34336,1.77769,2.43005
0.347318,3.86525,1.77769,2.43005
0.383158,4.38714,1.77769,2.43005
0.425952,4.90903,1.77769,2.43005
0.470615,5.43092,1.77769,2.43005
0.482971,-5.52878,2.29958,2.43005
0.490995,-5.00689,2.29958,2.43005
0.455343,-4.48499,2.29958,2.43005
0.379887,3.86525,2.29958,2.43005
0.409879,4.38714,2.29958,2.43005
0.454903,4.90903,2.29958,2.43005
0.494167,5.43092,2.29958,2.43005
0.453343,-5.52878,2.82147,2.43005
0.48304,-5.00689,2.82147,2.43005
0.442387,4.38714,2.82147,2.43005
0.467323,4.90903,2.82147,2.43005
0.46484,5.43092,2.82147,2.43005
0.392955,-5.52878,3.34336,2.43005
0.444741,-5.00689,3.34336,2.43005
0.45271,4.38714,3.34336,2.43005
0.456832,4.90903,3.34336,2.43005
0.415924,5.43092,3.34336,2.43005
0.31737,-5.52878,3.86525,2.43005
0.406938,-5.00689,3.86525,2.43005
0.443734,4.90903,3.86525,2.43005
0.398517,5.43092,3.86525,2.43005
0.438321,4.90903,4.38714,2.43005
0.361382,5.43092,4.38714,2.43005
0.426515,4.90903,4.90903,2.43005
0.384579,4.90903,5.43092,2.43005
0.465269,1.2558,-1.87554,2.95194
0.332545,0.73391,-1.35365,2.95194
0.356107,1.2558,-1.35365,2.95194
0.383598,1.77769,-1.35365,2.95194
0.393535,2.29958,-1.35365,2.95194
0.400241,2.82147,-1.35365,2.95194
0.399509,3.34336,-1.35365,2.95194
0.422006,-3.44121,-0.831762,2.95194
0.310262,-2.91932,-0.831762,2.95194
0.207954,-2.39743,-0.831762,2.95194
0.106922,-1.87554,-0.831762,2.95194
0.263223,0.212019,-0.831762,2.95194
0.28268,0.73391,-0.831762,2.95194
0.290561,1.2558,-0.831762,2.95194
0.307298,1.77769,-0.831762,2.95194
0.327353,2.29958,-0.831762,2.95194
0.352593,2.82147,-0.831762,2.95194
0.373432,3.34336,-0.831762,2.95194
0.401432,3.86525,-0.831762,2.95194
0.484634,-4.48499,-0.309872,2.95194
0.503112,-3.9631,-0.309872,2.95194
0.410241,-3.44121,-0.309872,2.95194
0.322655,-2.91932,-0.309872,2.95194
0.235409,-2.39743,-0.309872,2.95194
0.127234,-1.87554,-0.309872,2.95194
0.038412,-1.35365,-0.309872,2.95194
0.10551,-0.309872,-0.309872,2.95194
0.236979,0.212019,-0.309872,2.95194
0.24702,0.73391,-0.309872,2.95194
0.245456,1.2558,-0.309872,2.95194
0.259119,1.77769,-0.309872,2.95194
0.286478,2.29958,-0.309872,2.95194
0.322277,2.82147,-0.309872,2.95194
0.357186,3.34336,-0.309872,2.95194
0.397074,3.86525,-0.309872,2.95194
0.434724,4.38714,-0.309872,2.95194
0.484511,-5.00689,0.212019,2.95194
0.499048,-4.48499,0.212019,2.95194
0.492561,-3.9631,0.212019,2.95194
0.400779,-3.44121,0.212019,2.95194
0.323402,-2.91932,0.212019,2.95194
0.246444,-2.39743,0.212019,2.95194
0.132928,-1.87554,0.212019,2.95194
0.0609451,-1.35365,0.212019,2.95194
0.051594,-0.831762,0.212019,2.95194
0.110179,-0.309872,0.212019,2.95194
0.211819,0.212019,0.212019,2.95194
0.220784,0.73391,0.212019,2.95194
0.211131,1.2558,0.212019,2.95194
0.225436,1.77769,0.212019,2.95194
0.262634,2.29958,0.212019,2.95194
0.300731,2.82147,0.212019,2.95194
0.337373,3.34336,0.212019,2.95194
0.377687,3.86525,0.212019,2.95194
0.415336,4.38714,0.212019,2.95194
0.428428,4.90903,0.212019,2.95194
0.514476,-5.00689,0.73391,2.95194
0.508046,-4.48499,0.73391,2.95194
0.502542,-3.9631,0.73391,2.95194
0.454258,-3.44121,0.73391,2.95194
0.334498,-2.91932,0.73391,2.95194
0.127103,-1.87554,0.73391,2.95194
0.0709539,-1.35365,0.73391,2.95194
0.105649,-0.309872,0.73391,2.95194
0.179451,0.212019,0.73391,2.95194
0.197109,0.73391,0.73391,2.95194
0.182553,1.2558,0.73391,2.95194
0.19996,1.77769,0.73391,2.95194
0.243171,2.29958,0.73391,2.95194
0.285106,2.82147,0.73391,2.95194
0.322444,3.34336,0.73391,2.95194
0.363877,3.86525,0.73391,2.95194
0.405635,4.38714,0.73391,2.95194
0.445973,4.90903,0.73391,2.95194
0.457036,5.43092,0.73391,2.95194
0.502359,-5.52878,1.2558,2.95194
0.490253,-5.00689,1.2558,2.95194
0.445807,-4.48499,1.2558,2.95194
0.432008,-3.9631,1.2558,2.95194
0.160484,0.212019,1.2558,2.95194
0.185456,0.73391,1.2558,2.95194
0.326839,3.34336,1.2558,2.95194
0.352508,3.86525,1.2558,2.95194
0.403467,4.38714,1.2558,2.95194
0.455878,4.90903,1.2558,2.95194
0.511998,5.43092,1.2558,2.95194
0.499814,-5.52878,1.77769,2.95194
0.483015,-5.00689,1.77769,2.95194
0.393867,3.86525,1.77769,2.95194
0.428195,4.38714,1.77769,2.95194
0.473177,4.90903,1.77769,2.95194
0.522302,5.43092,1.77769,2.95194
0.430631,-5.52878,2.29958,2.95194
0.417896,-5.00689,2.29958,2.95194
0.440975,4.38714,2.29958,2.95194
0.495192,4.90903,2.29958,2.95194
0.536532,5.43092,2.29958,2.95194
0.405312,-5.52878,2.82147,2.95194
0.490781,4.90903,2.82147,2.95194
0.483147,5.43092,2.82147,2.95194
0.22919,-5.52878,3.34336,2.95194
0.43896,4.90903,3.34336,2.95194
0.377993,5.43092,3.34336,2.95194
0.130107,-5.52878,3.86525,2.95194
0.335055,5.43092,3.86525,2.95194
0.18451,5.43092,4.38714,2.95194
0.365323,0.73391,-1.87554,3.47383
0.431183,1.2558,-1.87554,3.47383
0.466493,1.77769,-1.87554,3.47383
0.447283,2.29958,-1.87554,3.47383
0.241808,0.212019,-1.35365,3.47383
0.313757,0.73391,-1.35365,3.47383
0.34799,1.2558,-1.35365,3.47383
0.382464,1.77769,-1.35365,3.47383
0.406244,2.29958,-1.35365,3.47383
0.406657,2.82147,-1.35365,3.47383
0.403772,3.34336,-1.35365,3.47383
0.648812,-3.9631,-0.831762,3.47383
0.526751,-3.44121,-0.831762,3.47383
0.374023,-2.91932,-0.831762,3.47383
0.23451,-2.39743,-0.831762,3.47383
0.125493,-1.87554,-0.831762,3.47383
0.259656,0.212019,-0.831762,3.47383
0.283123,0.73391,-0.831762,3.47383
0.292925,1.2558,-0.831762,3.47383
0.313831,1.77769,-0.831762,3.47383
0.340203,2.29958,-0.831762,3.47383
0.364161,2.82147,-0.831762,3.47383
0.385417,3.34336,-0.831762,3.47383
0.409614,3.86525,-0.831762,3.47383
0.437762,4.38714,-0.831762,3.47383
0.554899,-4.48499,-0.309872,3.47383
0.566339,-3.9631,-0.309872,3.47383
0.452298,-3.44121,-0.309872,3.47383
0.370896,-2.91932,-0.309872,3.47383
0.269282,-2.39743,-0.309872,3.47383
0.144774,-1.87554,-0.309872,3.47383
0.0732933,-1.35365,-0.309872,3.47383
0.0698832,-0.831762,-0.309872,3.47383
0.135825,-0.309872,-0.309872,3.47383
0.243691,0.212019,-0.309872,3.47383
0.249922,0.73391,-0.309872,3.47383
0.245984,1.2558,-0.309872,3.47383
0.260251,1.77769,-0.309872,3.47383
0.292169,2.29958,-0.309872,3.47383
0.331001,2.82147,-0.309872,3.47383
0.370396,3.34336,-0.309872,3.47383
0.402508,3.86525,-0.309872,3.47383
0.433636,4.38714,-0.309872,3.47383
0.535019,-5.00689,0.212019,3.47383
0.467572,-4.48499,0.212019,3.47383
0.464938,-3.9631,0.212019,3.47383
0.386448,-3.44121,0.212019,3.47383
0.154061,-1.87554,0.212019,3.47383
0.10975,-1.35365,0.212019,3.47383
0.0949348,-0.831762,0.212019,3.47383
0.154386,-0.309872,0.212019,3.47383
0.242098,0.212019,0.212019,3.47383
0.233813,0.73391,0.212019,3.47383
0.219811,1.2558,0.212019,3.47383
0.238127,1.77769,0.212019,3.47383
0.272069,2.29958,0.212019,3.47383
0.303156,2.82147,0.212019,3.47383
0.348719,3.34336,0.212019,3.47383
0.387392,3.86525,0.212019,3.47383
0.414843,4.38714,0.212019,3.47383
0.416833,4.90903,0.212019,3.47383
0.41996,-5.52878,0.73391,3.47383
0.505112,-5.00689,0.73391,3.47383
0.237898,0.212019,0.73391,3.47383
0.228028,0.73391,0.73391,3.47383
0.323512,3.34336,0.73391,3.47383
0.375504,3.86525,0.73391,3.47383
0.403522,4.38714,0.73391,3.47383
0.43796,4.90903,0.73391,3.47383
0.413103,5.43092,0.73391,3.47383
0.339349,-5.52878,1.2558,3.47383
0.351007,-5.00689,1.2558,3.47383
0.411413,4.38714,1.2558,3.47383
0.459487,4.90903,1.2558,3.47383
0.482381,5.43092,1.2558,3.47383
0.264659,-5.52878,1.77769,3.47383
0.434081,4.38714,1.77769,3.47383
0.485836,4.90903,1.77769,3.47383
0.510049,5.43092,1.77769,3.47383
0.253123,-5.52878,2.29958,3.47383
0.484344,4.90903,2.29958,3.47383
0.518591,5.43092,2.29958,3.47383
0.427181,5.43092,2.82147,3.47383
0.359551,0.73391,-1.87554,3.99572
0.428312,1.2558,-1.87554,3.99572
0.479582,1.77769,-1.87554,3.99572
0.471371,2.29958,-1.87554,3.99572
0.400557,2.82147,-1.87554,3.99572
0.214162,0.212019,-1.35365,3.99572
0.287435,0.73391,-1.35365,3.99572
0.327124,1.2558,-1.35365,3.99572
0.372822,1.77769,-1.35365,3.99572
0.410167,2.29958,-1.35365,3.99572
0.408386,2.82147,-1.35365,3.99572
0.403155,3.34336,-1.35365,3.99572
0.2615,-3.9631,-0.831762,3.99572
0.243523,-3.44121,-0.831762,3.99572
0.315531,-2.91932,-0.831762,3.99572
0.286044,-2.39743,-0.831762,3.99572
0.167377,-1.87554,-0.831762,3.99572
0.129702,-0.309872,-0.831762,3.99572
0.250607,0.212019,-0.831762,3.99572
0.283886,0.73391,-0.831762,3.99572
0.29603,1.2558,-0.831762,3.99572
0.317475,1.77769,-0.831762,3.99572
0.349623,2.29958,-0.831762,3.99572
0.372082,2.82147,-0.831762,3.99572
0.391832,3.34336,-0.831762,3.99572
0.404605,3.86525,-0.831762,3.99572
0.429592,4.38714,-0.831762,3.99572
0.220244,-1.87554,-0.309872,3.99572
0.146207,-1.35365,-0.309872,3.99572
0.139861,-0.831762,-0.309872,3.99572
0.190152,-0.309872,-0.309872,3.99572
0.268715,0.212019,-0.309872,3.99572
0.272849,0.73391,-0.309872,3.99572
0.268797,1.2558,-0.309872,3.99572
0.275444,1.77769,-0.309872,3.99572
0.304958,2.29958,-0.309872,3.99572
0.344752,2.82147,-0.309872,3.99572
0.384974,3.34336,-0.309872,3.99572
0.406244,3.86525,-0.309872,3.99572
0.431418,4.38714,-0.309872,3.99572
0.402572,4.90903,-0.309872,3.99572
0.238915,-0.309872,0.212019,3.99572
0.30121,0.212019,0.212019,3.99572
0.288099,0.73391,0.212019,3.99572
0.269413,1.2558,0.212019,3.99572
0.275781,1.77769,0.212019,3.99572
0.301288,2.29958,0.212019,3.99572
0.330043,2.82147,0.212019,3.99572
0.376425,3.34336,0.212019,3.99572
0.400707,3.86525,0.212019,3.99572
0.403159,4.38714,0.212019,3.99572
0.408747,4.90903,0.212019,3.99572
-0.00498994,-5.52878,0.73391,3.99572
0.36933,4.38714,0.73391,3.99572
0.415858,4.90903,0.73391,3.99572
0.37793,5.43092,0.73391,3.99572
0.415727,4.90903,1.2558,3.99572
0.4366,5.43092,1.2558,3.99572
0.426297,5.43092,1.77769,3.99572
0.381152,0.73391,-1.87554,4.51761
0.439185,1.2558,-1.87554,4.51761
0.484498,1.77769,-1.87554,4.51761
0.504853,2.29958,-1.87554,4.51761
0.420757,2.82147,-1.87554,4.51761
0.251995,0.212019,-1.35365,4.51761
0.307097,0.73391,-1.35365,4.51761
0.350614,1.2558,-1.35365,4.51761
0.376137,1.77769,-1.35365,4.51761
0.414239,2.29958,-1.35365,4.51761
0.415156,2.82147,-1.35365,4.51761
0.414006,3.34336,-1.35365,4.51761
0.402625,3.86525,-1.35365,4.51761
0.215013,-0.309872,-0.831762,4.51761
0.299281,0.212019,-0.831762,4.51761
0.322621,0.73391,-0.831762,4.51761
0.33851,1.2558,-0.831762,4.51761
0.321905,1.77769,-0.831762,4.51761
0.339114,2.29958,-0.831762,4.51761
0.362678,2.82147,-0.831762,4.51761
0.382021,3.34336,-0.831762,4.51761
0.391057,3.86525,-0.831762,4.51761
0.412186,4.38714,-0.831762,4.51761
0.240877,-0.831762,-0.309872,4.51761
0.310285,-0.309872,-0.309872,4.51761
0.359819,0.212019,-0.309872,4.51761
0.347455,0.73391,-0.309872,4.51761
0.350161,1.2558,-0.309872,4.51761
0.364894,3.86525,-0.309872,4.51761
0.372991,4.38714,-0.309872,4.51761
0.332769,4.90903,-0.309872,4.51761
0.377814,-0.309872,0.212019,4.51761
0.423974,0.212019,0.212019,4.51761
0.375585,0.73391,0.212019,4.51761
0.294592,4.90903,0.212019,4.51761
0.163544,4.90903,0.73391,4.51761
0.0669519,5.43092,0.73391,4.51761
-0.00202608,5.43092,1.2558,4.51761
0.335648,0.212019,-1.87554,5.03951
0.365051,0.73391,-1.87554,5.03951
0.435609,1.2558,-1.87554,5.03951
0.400793,1.77769,-1.87554,5.03951
0.405113,2.29958,-1.87554,5.03951
0.298603,0.212019,-1.35365,5.03951
0.32339,0.73391,-1.35365,5.03951
0.381522,1.2558,-1.35365,5.03951
0.262581,3.86525,-1.35365,5.03951
0.29661,-0.309872,-0.831762,5.03951
0.357575,0.212019,-0.831762,5.03951
0.365343,0.73391,-0.831762,5.03951
0.252931,4.38714,-0.831762,5.03951
0.434502,-0.309872,-0.309872,5.03951
0.464972,0.212019,-0.309872,5.03951
0.439578,0.73391,-0.309872,5.03951
0.41876,0.212019,-1.87554,5.5614
0.358575,0.212019,-1.35365,5.5614
0.437077,-0.309872,-0.831762,5.5614
0.425866,0.212019,-0.831762,5.5614
0.617238,-0.309872,-0.309872,5.5614
0.602496,0.212019,-0.309872,5.5614
0.331663,0.212019,-1.35365,6.08329
